sequence,Ff_exp,dGf_exp,ddGf_rosetta,ESM-2_zero-shot
NYVQALFDFDPQEDGELGFRRGDFIHVMDNSDPNWWKGACHGQTGMFPRNYVTPVN,0.005355894,-0.852084952,1.07869,-3.925061464
KYVQALFDFDPQEDGELGFRRGDFIHVMDNSDPNWWKGACHGQTGMFPRNYVTPVN,0.043541177,-0.827330131,0.881029,-4.395330429
SYVQALFDFDPQEDGELGFRRGDFIHVMDNSDPNWWKGACHGQTGMFPRNYVTPVN,0.029368081,-0.738337327,1.73957,-3.631392241
RYVQALFDFDPQEDGELGFRRGDFIHVMDNSDPNWWKGACHGQTGMFPRNYVTPVN,-0.10596442,-0.585705351,1.07721,-3.923249483
IYVQALFDFDPQEDGELGFRRGDFIHVMDNSDPNWWKGACHGQTGMFPRNYVTPVN,0.028578597,-0.863006519,-0.1283,-4.452129364
MYVQALFDFDPQEDGELGFRRGDFIHVMDNSDPNWWKGACHGQTGMFPRNYVTPVN,0.031994863,-0.945145882,-3.40075,-1.587392569
PYVQALFDFDPQEDGELGFRRGDFIHVMDNSDPNWWKGACHGQTGMFPRNYVTPVN,-0.087128237,-0.460947209,0.944683,-5.453416824
LYVQALFDFDPQEDGELGFRRGDFIHVMDNSDPNWWKGACHGQTGMFPRNYVTPVN,-0.000529619,-0.851885429,-3.18487,-4.284430981
EYVQALFDFDPQEDGELGFRRGDFIHVMDNSDPNWWKGACHGQTGMFPRNYVTPVN,0.000189807,-0.774900973,0.619103,-3.662328959
AYVQALFDFDPQEDGELGFRRGDFIHVMDNSDPNWWKGACHGQTGMFPRNYVTPVN,0.012583145,-0.584392797,1.74364,-4.10660553
GYVQALFDFDPQEDGELGFRRGDFIHVMDNSDPNWWKGACHGQTGMFPRNYVTPVN,-0.042378637,-0.70053783,3.23235,-3.018801689
VYVQALFDFDPQEDGELGFRRGDFIHVMDNSDPNWWKGACHGQTGMFPRNYVTPVN,-0.002835833,-0.857211502,0.640921,-3.682085752
TNVQALFDFDPQEDGELGFRRGDFIHVMDNSDPNWWKGACHGQTGMFPRNYVTPVN,-0.245381983,-0.279649339,2.46435,-3.4061203
TKVQALFDFDPQEDGELGFRRGDFIHVMDNSDPNWWKGACHGQTGMFPRNYVTPVN,0.075075744,-0.880525411,2.32166,-1.946347833
TTVQALFDFDPQEDGELGFRRGDFIHVMDNSDPNWWKGACHGQTGMFPRNYVTPVN,0.098840099,-1.01965358,0.386893,-1.096053481
TSVQALFDFDPQEDGELGFRRGDFIHVMDNSDPNWWKGACHGQTGMFPRNYVTPVN,-0.222576298,-0.268061038,3.34298,-2.824165344
TRVQALFDFDPQEDGELGFRRGDFIHVMDNSDPNWWKGACHGQTGMFPRNYVTPVN,0.021994124,-0.790241909,2.58923,-1.975568652
TIVQALFDFDPQEDGELGFRRGDFIHVMDNSDPNWWKGACHGQTGMFPRNYVTPVN,0.087076011,-1.165075394,-1.91894,-1.129804969
THVQALFDFDPQEDGELGFRRGDFIHVMDNSDPNWWKGACHGQTGMFPRNYVTPVN,-0.104718438,-0.515352777,1.09199,-3.481265068
TQVQALFDFDPQEDGELGFRRGDFIHVMDNSDPNWWKGACHGQTGMFPRNYVTPVN,0.009968661,-0.709005517,2.86588,-1.725362659
TLVQALFDFDPQEDGELGFRRGDFIHVMDNSDPNWWKGACHGQTGMFPRNYVTPVN,0.106288197,-1.146698506,0.684315,-1.741718411
TDVQALFDFDPQEDGELGFRRGDFIHVMDNSDPNWWKGACHGQTGMFPRNYVTPVN,-0.236812354,-0.339006762,2.92463,-3.960932732
TAVQALFDFDPQEDGELGFRRGDFIHVMDNSDPNWWKGACHGQTGMFPRNYVTPVN,-0.348814142,-0.042644691,2.56104,-3.574801445
TCVQALFDFDPQEDGELGFRRGDFIHVMDNSDPNWWKGACHGQTGMFPRNYVTPVN,-0.07090423,-0.660369283,1.83507,-3.938994884
TWVQALFDFDPQEDGELGFRRGDFIHVMDNSDPNWWKGACHGQTGMFPRNYVTPVN,0.017634065,-1.0330852,-1.8865,-3.187881947
TFVQALFDFDPQEDGELGFRRGDFIHVMDNSDPNWWKGACHGQTGMFPRNYVTPVN,0.009101072,-0.815441352,0.165489,-3.809809685
TYNQALFDFDPQEDGELGFRRGDFIHVMDNSDPNWWKGACHGQTGMFPRNYVTPVN,-1.045053252,1.170273529,7.94387,-10.83098412
TYTQALFDFDPQEDGELGFRRGDFIHVMDNSDPNWWKGACHGQTGMFPRNYVTPVN,-0.880703536,0.799841049,5.64065,-6.694453239
TYSQALFDFDPQEDGELGFRRGDFIHVMDNSDPNWWKGACHGQTGMFPRNYVTPVN,-0.849144798,0.770039029,7.28241,-7.638765812
TYIQALFDFDPQEDGELGFRRGDFIHVMDNSDPNWWKGACHGQTGMFPRNYVTPVN,-0.685144902,0.413782859,5.65808,-7.300429344
TYHQALFDFDPQEDGELGFRRGDFIHVMDNSDPNWWKGACHGQTGMFPRNYVTPVN,-0.434801842,-0.141261211,9.17625,-8.062477112
TYPQALFDFDPQEDGELGFRRGDFIHVMDNSDPNWWKGACHGQTGMFPRNYVTPVN,-1.112629712,1.562768172,31.5595,-11.71211243
TYLQALFDFDPQEDGELGFRRGDFIHVMDNSDPNWWKGACHGQTGMFPRNYVTPVN,-0.924040431,0.839568766,9.96717,-7.378660202
TYDQALFDFDPQEDGELGFRRGDFIHVMDNSDPNWWKGACHGQTGMFPRNYVTPVN,-0.967724804,0.864205102,11.1247,-11.29257107
TYEQALFDFDPQEDGELGFRRGDFIHVMDNSDPNWWKGACHGQTGMFPRNYVTPVN,-1.039663125,1.183081834,12.7444,-10.07776451
TYAQALFDFDPQEDGELGFRRGDFIHVMDNSDPNWWKGACHGQTGMFPRNYVTPVN,-0.047605622,-0.61244589,4.26624,-3.785092115
TYGQALFDFDPQEDGELGFRRGDFIHVMDNSDPNWWKGACHGQTGMFPRNYVTPVN,-0.998636527,1.096881088,11.2228,-7.540380478
TYYQALFDFDPQEDGELGFRRGDFIHVMDNSDPNWWKGACHGQTGMFPRNYVTPVN,0.025432624,-0.906470266,8.2639,-6.566712379
TYCQALFDFDPQEDGELGFRRGDFIHVMDNSDPNWWKGACHGQTGMFPRNYVTPVN,-0.079271806,-0.54865672,3.12485,-4.859532356
TYFQALFDFDPQEDGELGFRRGDFIHVMDNSDPNWWKGACHGQTGMFPRNYVTPVN,-0.195924197,-0.33577759,8.2526,-7.199306011
TYVNALFDFDPQEDGELGFRRGDFIHVMDNSDPNWWKGACHGQTGMFPRNYVTPVN,-0.950799427,0.95538417,7.37187,-7.445570946
TYVKALFDFDPQEDGELGFRRGDFIHVMDNSDPNWWKGACHGQTGMFPRNYVTPVN,0.021278086,-0.872820294,3.10447,-3.826583624
TYVTALFDFDPQEDGELGFRRGDFIHVMDNSDPNWWKGACHGQTGMFPRNYVTPVN,-0.179750579,-0.323236635,3.54692,-4.987712383
TYVSALFDFDPQEDGELGFRRGDFIHVMDNSDPNWWKGACHGQTGMFPRNYVTPVN,-0.551253509,0.427248164,5.93145,-6.518627167
TYVRALFDFDPQEDGELGFRRGDFIHVMDNSDPNWWKGACHGQTGMFPRNYVTPVN,0.015262611,-0.867516197,2.81553,-3.664179802
TYVMALFDFDPQEDGELGFRRGDFIHVMDNSDPNWWKGACHGQTGMFPRNYVTPVN,-0.186070332,-0.468165963,1.53977,-6.213648796
TYVHALFDFDPQEDGELGFRRGDFIHVMDNSDPNWWKGACHGQTGMFPRNYVTPVN,-0.495374152,0.163542526,8.25772,-6.626228809
TYVPALFDFDPQEDGELGFRRGDFIHVMDNSDPNWWKGACHGQTGMFPRNYVTPVN,-1.102808774,1.35567135,27.129,-9.418148041
TYVLALFDFDPQEDGELGFRRGDFIHVMDNSDPNWWKGACHGQTGMFPRNYVTPVN,-0.079029235,-0.554186012,0.581639,-5.977574348
TYVEALFDFDPQEDGELGFRRGDFIHVMDNSDPNWWKGACHGQTGMFPRNYVTPVN,-0.17387564,-0.543695702,4.22809,-4.93134594
TYVGALFDFDPQEDGELGFRRGDFIHVMDNSDPNWWKGACHGQTGMFPRNYVTPVN,-1.062351807,1.300157292,8.62825,-10.34802437
TYVVALFDFDPQEDGELGFRRGDFIHVMDNSDPNWWKGACHGQTGMFPRNYVTPVN,-0.020957801,-0.781275836,1.15959,-4.453707695
TYVYALFDFDPQEDGELGFRRGDFIHVMDNSDPNWWKGACHGQTGMFPRNYVTPVN,-0.295801781,-0.06256136,6.57307,-7.886419296
TYVWALFDFDPQEDGELGFRRGDFIHVMDNSDPNWWKGACHGQTGMFPRNYVTPVN,-0.564437059,0.330222602,7.56528,-9.421014786
TYVQNLFDFDPQEDGELGFRRGDFIHVMDNSDPNWWKGACHGQTGMFPRNYVTPVN,-1.113940989,1.422740705,9.18279,-15.19110966
TYVQTLFDFDPQEDGELGFRRGDFIHVMDNSDPNWWKGACHGQTGMFPRNYVTPVN,-0.954187488,1.072123618,7.57216,-8.205744743
TYVQSLFDFDPQEDGELGFRRGDFIHVMDNSDPNWWKGACHGQTGMFPRNYVTPVN,-0.90735663,0.925776255,7.463,-8.461166382
TYVQILFDFDPQEDGELGFRRGDFIHVMDNSDPNWWKGACHGQTGMFPRNYVTPVN,-1.164477284,2.035739648,15.8544,-13.19164467
TYVQPLFDFDPQEDGELGFRRGDFIHVMDNSDPNWWKGACHGQTGMFPRNYVTPVN,-0.975355835,1.283584299,15.1746,-9.447470665
TYVQDLFDFDPQEDGELGFRRGDFIHVMDNSDPNWWKGACHGQTGMFPRNYVTPVN,-0.977158577,0.922418621,14.5496,-12.67979813
TYVQELFDFDPQEDGELGFRRGDFIHVMDNSDPNWWKGACHGQTGMFPRNYVTPVN,-1.064209893,1.393065298,22.9037,-13.0628643
TYVQGLFDFDPQEDGELGFRRGDFIHVMDNSDPNWWKGACHGQTGMFPRNYVTPVN,-0.629023442,0.448567956,6.08863,-8.572200775
TYVQVLFDFDPQEDGELGFRRGDFIHVMDNSDPNWWKGACHGQTGMFPRNYVTPVN,-1.025775386,1.338213628,1.77885,-9.61428833
TYVQYLFDFDPQEDGELGFRRGDFIHVMDNSDPNWWKGACHGQTGMFPRNYVTPVN,-1.128553225,1.539825494,13.6778,-14.67221928
TYVQALNDFDPQEDGELGFRRGDFIHVMDNSDPNWWKGACHGQTGMFPRNYVTPVN,-0.108558558,-0.348242462,1.49779,-10.28098679
TYVQALTDFDPQEDGELGFRRGDFIHVMDNSDPNWWKGACHGQTGMFPRNYVTPVN,-0.03839028,-0.411945609,-0.593673,-11.57998466
TYVQALSDFDPQEDGELGFRRGDFIHVMDNSDPNWWKGACHGQTGMFPRNYVTPVN,-0.150849969,-0.358907888,3.90386,-10.21596909
TYVQALIDFDPQEDGELGFRRGDFIHVMDNSDPNWWKGACHGQTGMFPRNYVTPVN,-0.184435521,-0.308115114,-0.87129,-10.92482376
TYVQALMDFDPQEDGELGFRRGDFIHVMDNSDPNWWKGACHGQTGMFPRNYVTPVN,0.0170883,-0.71281277,-0.737825,-11.08580399
TYVQALHDFDPQEDGELGFRRGDFIHVMDNSDPNWWKGACHGQTGMFPRNYVTPVN,0.053231952,-0.955004992,-0.379873,-5.179208755
TYVQALPDFDPQEDGELGFRRGDFIHVMDNSDPNWWKGACHGQTGMFPRNYVTPVN,-1.139316835,2.179602906,15.1863,-13.99074554
TYVQALLDFDPQEDGELGFRRGDFIHVMDNSDPNWWKGACHGQTGMFPRNYVTPVN,-0.063394976,-0.667119049,0.825621,-10.08463192
TYVQALADFDPQEDGELGFRRGDFIHVMDNSDPNWWKGACHGQTGMFPRNYVTPVN,-0.035513298,-0.793391109,1.22573,-10.0430727
TYVQALVDFDPQEDGELGFRRGDFIHVMDNSDPNWWKGACHGQTGMFPRNYVTPVN,0.000481867,-0.732148983,-2.23318,-11.25518894
TYVQALYDFDPQEDGELGFRRGDFIHVMDNSDPNWWKGACHGQTGMFPRNYVTPVN,-0.041201012,-0.680922502,-0.72445,-2.604507923
TYVQALCDFDPQEDGELGFRRGDFIHVMDNSDPNWWKGACHGQTGMFPRNYVTPVN,0.067399933,-0.93508755,1.60332,-8.013997078
TYVQALFNFDPQEDGELGFRRGDFIHVMDNSDPNWWKGACHGQTGMFPRNYVTPVN,-0.174479327,-0.252304812,3.08056,-5.979548454
TYVQALFKFDPQEDGELGFRRGDFIHVMDNSDPNWWKGACHGQTGMFPRNYVTPVN,-0.999114778,1.268122589,3.89298,-9.605548859
TYVQALFTFDPQEDGELGFRRGDFIHVMDNSDPNWWKGACHGQTGMFPRNYVTPVN,-0.430487393,0.230728535,2.01048,-6.29867363
TYVQALFSFDPQEDGELGFRRGDFIHVMDNSDPNWWKGACHGQTGMFPRNYVTPVN,-0.448627222,0.347116403,2.2683,-6.19568634
TYVQALFRFDPQEDGELGFRRGDFIHVMDNSDPNWWKGACHGQTGMFPRNYVTPVN,-1.013413756,1.207851527,5.96525,-9.311922073
TYVQALFIFDPQEDGELGFRRGDFIHVMDNSDPNWWKGACHGQTGMFPRNYVTPVN,-1.113871477,2.180043013,2.93391,-11.08117008
TYVQALFHFDPQEDGELGFRRGDFIHVMDNSDPNWWKGACHGQTGMFPRNYVTPVN,-0.793104893,0.589068963,4.97952,-8.414657593
TYVQALFQFDPQEDGELGFRRGDFIHVMDNSDPNWWKGACHGQTGMFPRNYVTPVN,-0.906218769,0.985699507,3.659,-8.888454437
TYVQALFEFDPQEDGELGFRRGDFIHVMDNSDPNWWKGACHGQTGMFPRNYVTPVN,-0.74871144,0.518734433,3.2686,-7.890120506
TYVQALFAFDPQEDGELGFRRGDFIHVMDNSDPNWWKGACHGQTGMFPRNYVTPVN,-0.819039549,0.738625654,3.68076,-7.381925106
TYVQALFGFDPQEDGELGFRRGDFIHVMDNSDPNWWKGACHGQTGMFPRNYVTPVN,-0.818870744,0.800181273,6.78105,-8.806218147
TYVQALFVFDPQEDGELGFRRGDFIHVMDNSDPNWWKGACHGQTGMFPRNYVTPVN,-0.889510145,1.216598992,2.22868,-10.02366543
TYVQALFYFDPQEDGELGFRRGDFIHVMDNSDPNWWKGACHGQTGMFPRNYVTPVN,-0.781773057,0.935200075,4.61235,-10.79680443
TYVQALFCFDPQEDGELGFRRGDFIHVMDNSDPNWWKGACHGQTGMFPRNYVTPVN,-1.028123567,1.232274854,4.14228,-10.99085712
TYVQALFFFDPQEDGELGFRRGDFIHVMDNSDPNWWKGACHGQTGMFPRNYVTPVN,-0.942199662,1.337550398,5.05442,-11.81387711
TYVQALFDNDPQEDGELGFRRGDFIHVMDNSDPNWWKGACHGQTGMFPRNYVTPVN,-0.064783887,-0.301693911,6.33789,-7.172347546
TYVQALFDTDPQEDGELGFRRGDFIHVMDNSDPNWWKGACHGQTGMFPRNYVTPVN,-1.003514665,1.16884255,7.40954,-10.26186371
TYVQALFDSDPQEDGELGFRRGDFIHVMDNSDPNWWKGACHGQTGMFPRNYVTPVN,-0.437032228,0.222687072,8.71195,-9.380620956
TYVQALFDIDPQEDGELGFRRGDFIHVMDNSDPNWWKGACHGQTGMFPRNYVTPVN,-0.682367024,0.567950271,7.71714,-8.133244514
TYVQALFDMDPQEDGELGFRRGDFIHVMDNSDPNWWKGACHGQTGMFPRNYVTPVN,-0.412261571,0.606461885,3.3097,-8.133038521
TYVQALFDHDPQEDGELGFRRGDFIHVMDNSDPNWWKGACHGQTGMFPRNYVTPVN,0.102881272,-1.092177607,3.76568,-7.835931778
TYVQALFDPDPQEDGELGFRRGDFIHVMDNSDPNWWKGACHGQTGMFPRNYVTPVN,-1.107929438,1.872752584,19.9596,-12.07393456
TYVQALFDLDPQEDGELGFRRGDFIHVMDNSDPNWWKGACHGQTGMFPRNYVTPVN,-0.379692536,0.090356791,0.354486,-4.365247726
TYVQALFDADPQEDGELGFRRGDFIHVMDNSDPNWWKGACHGQTGMFPRNYVTPVN,-0.667170962,0.602726037,8.00612,-11.01102352
TYVQALFDVDPQEDGELGFRRGDFIHVMDNSDPNWWKGACHGQTGMFPRNYVTPVN,-0.202000985,-0.322254595,4.11493,-8.614419937
TYVQALFDYDPQEDGELGFRRGDFIHVMDNSDPNWWKGACHGQTGMFPRNYVTPVN,0.260694451,-1.171028272,1.18556,-4.524494171
TYVQALFDCDPQEDGELGFRRGDFIHVMDNSDPNWWKGACHGQTGMFPRNYVTPVN,-0.322854727,-0.061183426,5.07256,-8.243538857
TYVQALFDFNPQEDGELGFRRGDFIHVMDNSDPNWWKGACHGQTGMFPRNYVTPVN,0.070220562,-0.871050295,-0.836105,-2.94228363
TYVQALFDFKPQEDGELGFRRGDFIHVMDNSDPNWWKGACHGQTGMFPRNYVTPVN,-0.006290613,-0.698587333,-0.532034,-2.706130743
TYVQALFDFTPQEDGELGFRRGDFIHVMDNSDPNWWKGACHGQTGMFPRNYVTPVN,0.024382407,-0.777550583,-1.61754,-1.440466166
TYVQALFDFSPQEDGELGFRRGDFIHVMDNSDPNWWKGACHGQTGMFPRNYVTPVN,-0.032191082,-0.486289823,0.121512,-1.778086901
TYVQALFDFIPQEDGELGFRRGDFIHVMDNSDPNWWKGACHGQTGMFPRNYVTPVN,-0.014504176,-0.863115191,-2.81515,-2.349844933
TYVQALFDFHPQEDGELGFRRGDFIHVMDNSDPNWWKGACHGQTGMFPRNYVTPVN,0.080099973,-0.756911089,0.675827,-3.319010973
TYVQALFDFLPQEDGELGFRRGDFIHVMDNSDPNWWKGACHGQTGMFPRNYVTPVN,-0.189112786,-0.284263011,-0.24218,-2.770753384
TYVQALFDFEPQEDGELGFRRGDFIHVMDNSDPNWWKGACHGQTGMFPRNYVTPVN,0.06597168,-1.015548668,-1.54124,-1.72990942
TYVQALFDFAPQEDGELGFRRGDFIHVMDNSDPNWWKGACHGQTGMFPRNYVTPVN,-0.020103077,-0.499007766,1.00514,-1.847248316
TYVQALFDFGPQEDGELGFRRGDFIHVMDNSDPNWWKGACHGQTGMFPRNYVTPVN,-0.664974136,0.391487275,4.70542,-5.029076576
TYVQALFDFVPQEDGELGFRRGDFIHVMDNSDPNWWKGACHGQTGMFPRNYVTPVN,0.029651585,-0.893278387,-2.74708,-1.686379194
TYVQALFDFYPQEDGELGFRRGDFIHVMDNSDPNWWKGACHGQTGMFPRNYVTPVN,0.040907023,-0.749488159,-2.51925,-3.774783373
TYVQALFDFCPQEDGELGFRRGDFIHVMDNSDPNWWKGACHGQTGMFPRNYVTPVN,0.065391936,-0.595486373,0.865663,-4.459909439
TYVQALFDFFPQEDGELGFRRGDFIHVMDNSDPNWWKGACHGQTGMFPRNYVTPVN,0.006728502,-0.551011104,-0.284203,-3.728265524
TYVQALFDFDNQEDGELGFRRGDFIHVMDNSDPNWWKGACHGQTGMFPRNYVTPVN,-0.464951963,0.375632721,7.05252,-7.641502857
TYVQALFDFDTQEDGELGFRRGDFIHVMDNSDPNWWKGACHGQTGMFPRNYVTPVN,-0.076843813,-0.353624803,4.19384,-5.612669945
TYVQALFDFDSQEDGELGFRRGDFIHVMDNSDPNWWKGACHGQTGMFPRNYVTPVN,-0.107368094,-0.309787718,5.70543,-4.694854736
TYVQALFDFDRQEDGELGFRRGDFIHVMDNSDPNWWKGACHGQTGMFPRNYVTPVN,-0.401209693,0.407489093,6.18763,-5.403936863
TYVQALFDFDIQEDGELGFRRGDFIHVMDNSDPNWWKGACHGQTGMFPRNYVTPVN,-0.892082052,1.047241099,3.49808,-6.727007866
TYVQALFDFDHQEDGELGFRRGDFIHVMDNSDPNWWKGACHGQTGMFPRNYVTPVN,-0.489440095,0.381929346,25.1331,-8.035455704
TYVQALFDFDQQEDGELGFRRGDFIHVMDNSDPNWWKGACHGQTGMFPRNYVTPVN,-0.467144547,0.439187888,6.34813,-6.414676189
TYVQALFDFDLQEDGELGFRRGDFIHVMDNSDPNWWKGACHGQTGMFPRNYVTPVN,-0.811758003,1.361327352,8.80156,-7.134510994
TYVQALFDFDDQEDGELGFRRGDFIHVMDNSDPNWWKGACHGQTGMFPRNYVTPVN,-0.878319268,0.733456238,9.64761,-8.149608612
TYVQALFDFDAQEDGELGFRRGDFIHVMDNSDPNWWKGACHGQTGMFPRNYVTPVN,0.030607184,-0.810988088,2.57349,-2.250795364
TYVQALFDFDYQEDGELGFRRGDFIHVMDNSDPNWWKGACHGQTGMFPRNYVTPVN,-1.113636184,1.719618248,24.5366,-8.91937542
TYVQALFDFDFQEDGELGFRRGDFIHVMDNSDPNWWKGACHGQTGMFPRNYVTPVN,-1.070272956,1.491816367,21.3238,-8.896995544
TYVQALFDFDPNEDGELGFRRGDFIHVMDNSDPNWWKGACHGQTGMFPRNYVTPVN,0.020859374,-2.357789362,2.82515,-6.169106483
TYVQALFDFDPKEDGELGFRRGDFIHVMDNSDPNWWKGACHGQTGMFPRNYVTPVN,0.026077769,-0.826218726,1.60418,-6.078979492
TYVQALFDFDPTEDGELGFRRGDFIHVMDNSDPNWWKGACHGQTGMFPRNYVTPVN,0.18088581,-0.770848862,-1.39005,-5.253630161
TYVQALFDFDPREDGELGFRRGDFIHVMDNSDPNWWKGACHGQTGMFPRNYVTPVN,0.004474568,-0.788579739,3.25463,-5.01215601
TYVQALFDFDPMEDGELGFRRGDFIHVMDNSDPNWWKGACHGQTGMFPRNYVTPVN,-0.000446419,-0.38937946,2.82028,-5.934263229
TYVQALFDFDPPEDGELGFRRGDFIHVMDNSDPNWWKGACHGQTGMFPRNYVTPVN,-0.718018196,0.461458504,8.26699,-7.41219902
TYVQALFDFDPLEDGELGFRRGDFIHVMDNSDPNWWKGACHGQTGMFPRNYVTPVN,-0.010673597,-0.563407721,1.34598,-5.812162399
TYVQALFDFDPDEDGELGFRRGDFIHVMDNSDPNWWKGACHGQTGMFPRNYVTPVN,-0.032858563,-0.479966491,3.3542,-5.466025829
TYVQALFDFDPEEDGELGFRRGDFIHVMDNSDPNWWKGACHGQTGMFPRNYVTPVN,0.107322647,-0.625322831,2.25214,-3.489837646
TYVQALFDFDPAEDGELGFRRGDFIHVMDNSDPNWWKGACHGQTGMFPRNYVTPVN,0.006532589,-0.710011681,3.41972,-4.583353519
TYVQALFDFDPGEDGELGFRRGDFIHVMDNSDPNWWKGACHGQTGMFPRNYVTPVN,-0.135326231,-0.350846322,5.15512,-5.546797752
TYVQALFDFDPVEDGELGFRRGDFIHVMDNSDPNWWKGACHGQTGMFPRNYVTPVN,-0.049175105,-0.653817114,1.33463,-5.131227016
TYVQALFDFDPYEDGELGFRRGDFIHVMDNSDPNWWKGACHGQTGMFPRNYVTPVN,-0.334955756,0.416880643,0.456327,-6.479503632
TYVQALFDFDPWEDGELGFRRGDFIHVMDNSDPNWWKGACHGQTGMFPRNYVTPVN,-0.548889981,0.247844612,3.49253,-8.253412247
TYVQALFDFDPQNDGELGFRRGDFIHVMDNSDPNWWKGACHGQTGMFPRNYVTPVN,0.092477767,-1.225919498,-1.48901,-3.056601524
TYVQALFDFDPQKDGELGFRRGDFIHVMDNSDPNWWKGACHGQTGMFPRNYVTPVN,0.039998946,-1.012688818,-0.748902,-6.498285294
TYVQALFDFDPQRDGELGFRRGDFIHVMDNSDPNWWKGACHGQTGMFPRNYVTPVN,0.091770693,-0.915179681,-2.91972,-5.632853508
TYVQALFDFDPQMDGELGFRRGDFIHVMDNSDPNWWKGACHGQTGMFPRNYVTPVN,-0.08451462,-0.544244077,-0.547205,-6.095541
TYVQALFDFDPQLDGELGFRRGDFIHVMDNSDPNWWKGACHGQTGMFPRNYVTPVN,-0.15872719,-0.416157869,-2.01867,-6.39232111
TYVQALFDFDPQDDGELGFRRGDFIHVMDNSDPNWWKGACHGQTGMFPRNYVTPVN,0.081531975,-0.635970641,1.6762,-4.807044506
TYVQALFDFDPQADGELGFRRGDFIHVMDNSDPNWWKGACHGQTGMFPRNYVTPVN,-0.14968085,-0.556072149,0.0588111,-4.549883842
TYVQALFDFDPQGDGELGFRRGDFIHVMDNSDPNWWKGACHGQTGMFPRNYVTPVN,0.001484895,-0.76268076,2.4563,-4.527469158
TYVQALFDFDPQVDGELGFRRGDFIHVMDNSDPNWWKGACHGQTGMFPRNYVTPVN,-0.124263992,-0.544000489,-1.79748,-6.475438595
TYVQALFDFDPQYDGELGFRRGDFIHVMDNSDPNWWKGACHGQTGMFPRNYVTPVN,0.124785653,-0.314297095,-1.60852,-6.723212242
TYVQALFDFDPQENGELGFRRGDFIHVMDNSDPNWWKGACHGQTGMFPRNYVTPVN,-0.179319196,-0.26725796,1.09593,-4.384683609
TYVQALFDFDPQEKGELGFRRGDFIHVMDNSDPNWWKGACHGQTGMFPRNYVTPVN,0.03507732,-0.494695962,0.420991,-4.626497269
TYVQALFDFDPQESGELGFRRGDFIHVMDNSDPNWWKGACHGQTGMFPRNYVTPVN,-0.150784986,-0.447027782,0.546243,-3.362110138
TYVQALFDFDPQERGELGFRRGDFIHVMDNSDPNWWKGACHGQTGMFPRNYVTPVN,-0.070536101,-0.321767407,1.91378,-4.681224823
TYVQALFDFDPQEIGELGFRRGDFIHVMDNSDPNWWKGACHGQTGMFPRNYVTPVN,-0.221060611,-0.255101663,2.12242,-6.684877396
TYVQALFDFDPQEHGELGFRRGDFIHVMDNSDPNWWKGACHGQTGMFPRNYVTPVN,-0.187040138,-0.372835817,1.81758,-4.261297226
TYVQALFDFDPQEQGELGFRRGDFIHVMDNSDPNWWKGACHGQTGMFPRNYVTPVN,-0.06715435,-0.563474188,1.31004,-3.558791637
TYVQALFDFDPQELGELGFRRGDFIHVMDNSDPNWWKGACHGQTGMFPRNYVTPVN,-0.325867383,-0.034150489,1.75284,-5.978315353
TYVQALFDFDPQEEGELGFRRGDFIHVMDNSDPNWWKGACHGQTGMFPRNYVTPVN,0.062597109,-0.871912326,-0.0386759,-2.756082535
TYVQALFDFDPQEAGELGFRRGDFIHVMDNSDPNWWKGACHGQTGMFPRNYVTPVN,-0.05608357,-0.599816065,0.995855,-3.0997715
TYVQALFDFDPQEGGELGFRRGDFIHVMDNSDPNWWKGACHGQTGMFPRNYVTPVN,-0.2774625,-0.059251054,2.86819,-4.708758354
TYVQALFDFDPQEVGELGFRRGDFIHVMDNSDPNWWKGACHGQTGMFPRNYVTPVN,-0.127142066,-0.433665664,1.80691,-4.869263172
TYVQALFDFDPQEYGELGFRRGDFIHVMDNSDPNWWKGACHGQTGMFPRNYVTPVN,-0.755444797,-0.368896682,1.77854,-6.247463226
TYVQALFDFDPQECGELGFRRGDFIHVMDNSDPNWWKGACHGQTGMFPRNYVTPVN,-0.294685505,-0.201572323,3.27087,-7.347138405
TYVQALFDFDPQEFGELGFRRGDFIHVMDNSDPNWWKGACHGQTGMFPRNYVTPVN,-0.149974303,-0.53937188,2.49473,-6.543165684
TYVQALFDFDPQEDKELGFRRGDFIHVMDNSDPNWWKGACHGQTGMFPRNYVTPVN,-0.218803346,-0.134444947,5.43784,-9.092699051
TYVQALFDFDPQEDSELGFRRGDFIHVMDNSDPNWWKGACHGQTGMFPRNYVTPVN,-0.1374951,-0.009282177,6.26483,-6.593628407
TYVQALFDFDPQEDRELGFRRGDFIHVMDNSDPNWWKGACHGQTGMFPRNYVTPVN,-0.267431193,0.053755456,6.55995,-8.145396233
TYVQALFDFDPQEDIELGFRRGDFIHVMDNSDPNWWKGACHGQTGMFPRNYVTPVN,-0.462254028,0.136501479,17.0196,-9.901106834
TYVQALFDFDPQEDQELGFRRGDFIHVMDNSDPNWWKGACHGQTGMFPRNYVTPVN,-0.175837654,0.217934944,7.9627,-7.449945927
TYVQALFDFDPQEDLELGFRRGDFIHVMDNSDPNWWKGACHGQTGMFPRNYVTPVN,-0.730871806,0.671971962,5.67418,-9.153086662
TYVQALFDFDPQEDDELGFRRGDFIHVMDNSDPNWWKGACHGQTGMFPRNYVTPVN,-0.046210048,-0.338176941,3.41584,-5.61068058
TYVQALFDFDPQEDEELGFRRGDFIHVMDNSDPNWWKGACHGQTGMFPRNYVTPVN,-0.24606713,0.046143466,5.83394,-6.022902012
TYVQALFDFDPQEDAELGFRRGDFIHVMDNSDPNWWKGACHGQTGMFPRNYVTPVN,-0.27888365,0.034570927,5.10724,-7.693414688
TYVQALFDFDPQEDVELGFRRGDFIHVMDNSDPNWWKGACHGQTGMFPRNYVTPVN,-0.504251347,0.272067495,18.5091,-8.691987038
TYVQALFDFDPQEDCELGFRRGDFIHVMDNSDPNWWKGACHGQTGMFPRNYVTPVN,-0.000733376,-0.621306121,7.4458,-8.87970829
TYVQALFDFDPQEDWELGFRRGDFIHVMDNSDPNWWKGACHGQTGMFPRNYVTPVN,-0.081090847,-0.368045591,7.0773,-10.30967617
TYVQALFDFDPQEDGNLGFRRGDFIHVMDNSDPNWWKGACHGQTGMFPRNYVTPVN,-0.141296469,-0.228181378,3.95314,-6.421414375
TYVQALFDFDPQEDGKLGFRRGDFIHVMDNSDPNWWKGACHGQTGMFPRNYVTPVN,0.253937449,-1.355284646,3.88184,-7.626484394
TYVQALFDFDPQEDGRLGFRRGDFIHVMDNSDPNWWKGACHGQTGMFPRNYVTPVN,0.062923738,-0.660979472,3.46999,-8.500336647
TYVQALFDFDPQEDGMLGFRRGDFIHVMDNSDPNWWKGACHGQTGMFPRNYVTPVN,0.268638503,-1.621421316,-1.15705,-7.02735281
TYVQALFDFDPQEDGLLGFRRGDFIHVMDNSDPNWWKGACHGQTGMFPRNYVTPVN,0.130572912,-1.194173785,-2.37571,-8.177700043
TYVQALFDFDPQEDGDLGFRRGDFIHVMDNSDPNWWKGACHGQTGMFPRNYVTPVN,0.04433767,-0.464628837,0.0945787,-1.828891754
TYVQALFDFDPQEDGALGFRRGDFIHVMDNSDPNWWKGACHGQTGMFPRNYVTPVN,-0.06885234,-0.444201328,2.9868,-6.974877357
TYVQALFDFDPQEDGGLGFRRGDFIHVMDNSDPNWWKGACHGQTGMFPRNYVTPVN,-0.087925729,-0.515922808,6.0628,-7.387500763
TYVQALFDFDPQEDGVLGFRRGDFIHVMDNSDPNWWKGACHGQTGMFPRNYVTPVN,-0.067728067,-0.471939266,0.540885,-7.092681885
TYVQALFDFDPQEDGYLGFRRGDFIHVMDNSDPNWWKGACHGQTGMFPRNYVTPVN,0.282479232,-1.209176121,-1.476,-8.098937988
TYVQALFDFDPQEDGWLGFRRGDFIHVMDNSDPNWWKGACHGQTGMFPRNYVTPVN,0.13106397,-1.262122931,-4.26131,-11.00165176
TYVQALFDFDPQEDGEKGFRRGDFIHVMDNSDPNWWKGACHGQTGMFPRNYVTPVN,-1.137999778,1.538626791,16.5961,-15.12072754
TYVQALFDFDPQEDGETGFRRGDFIHVMDNSDPNWWKGACHGQTGMFPRNYVTPVN,-1.164883366,2.136626528,11.9021,-11.45652485
TYVQALFDFDPQEDGESGFRRGDFIHVMDNSDPNWWKGACHGQTGMFPRNYVTPVN,-1.157158714,1.92323871,12.5491,-14.2745285
TYVQALFDFDPQEDGERGFRRGDFIHVMDNSDPNWWKGACHGQTGMFPRNYVTPVN,-1.096222376,1.618323411,19.5791,-13.15040493
TYVQALFDFDPQEDGEIGFRRGDFIHVMDNSDPNWWKGACHGQTGMFPRNYVTPVN,-0.160221339,0.093372406,9.17474,-6.120635986
TYVQALFDFDPQEDGEMGFRRGDFIHVMDNSDPNWWKGACHGQTGMFPRNYVTPVN,-0.457816969,0.154690254,2.879,-8.637985229
TYVQALFDFDPQEDGEHGFRRGDFIHVMDNSDPNWWKGACHGQTGMFPRNYVTPVN,-1.156339874,1.821454518,15.283,-12.687006
TYVQALFDFDPQEDGEQGFRRGDFIHVMDNSDPNWWKGACHGQTGMFPRNYVTPVN,-0.63486958,0.852416688,8.02044,-14.87507248
TYVQALFDFDPQEDGEPGFRRGDFIHVMDNSDPNWWKGACHGQTGMFPRNYVTPVN,-0.708919124,0.868329822,20.0281,-13.87355995
TYVQALFDFDPQEDGEAGFRRGDFIHVMDNSDPNWWKGACHGQTGMFPRNYVTPVN,-1.103764172,1.465326044,10.4581,-12.26634407
TYVQALFDFDPQEDGEVGFRRGDFIHVMDNSDPNWWKGACHGQTGMFPRNYVTPVN,-0.702263082,0.511405569,9.51531,-6.871194839
TYVQALFDFDPQEDGEWGFRRGDFIHVMDNSDPNWWKGACHGQTGMFPRNYVTPVN,-1.04685528,1.258397558,25.5782,-13.72551918
TYVQALFDFDPQEDGELNFRRGDFIHVMDNSDPNWWKGACHGQTGMFPRNYVTPVN,-0.093891232,-0.15332832,0.476279,-6.581046104
TYVQALFDFDPQEDGELTFRRGDFIHVMDNSDPNWWKGACHGQTGMFPRNYVTPVN,0.065792806,-0.551769616,0.190922,-5.561083794
TYVQALFDFDPQEDGELSFRRGDFIHVMDNSDPNWWKGACHGQTGMFPRNYVTPVN,0.06910847,-0.904281654,-1.30912,-4.339800835
TYVQALFDFDPQEDGELRFRRGDFIHVMDNSDPNWWKGACHGQTGMFPRNYVTPVN,0.003588604,-0.751840531,6.18355,-3.757666349
TYVQALFDFDPQEDGELIFRRGDFIHVMDNSDPNWWKGACHGQTGMFPRNYVTPVN,-0.461354283,0.311799505,-1.35688,-8.906431198
TYVQALFDFDPQEDGELHFRRGDFIHVMDNSDPNWWKGACHGQTGMFPRNYVTPVN,0.092306773,-0.517677015,-0.728228,-6.183508873
TYVQALFDFDPQEDGELDFRRGDFIHVMDNSDPNWWKGACHGQTGMFPRNYVTPVN,-0.55608076,0.318222653,1.42609,-7.428163528
TYVQALFDFDPQEDGELEFRRGDFIHVMDNSDPNWWKGACHGQTGMFPRNYVTPVN,-0.007266582,-0.713763184,-1.66188,-6.624442101
TYVQALFDFDPQEDGELAFRRGDFIHVMDNSDPNWWKGACHGQTGMFPRNYVTPVN,0.082247539,-0.978792362,-1.60211,-4.075871468
TYVQALFDFDPQEDGELVFRRGDFIHVMDNSDPNWWKGACHGQTGMFPRNYVTPVN,-0.237489958,-0.22115662,2.96038,-7.102541924
TYVQALFDFDPQEDGELYFRRGDFIHVMDNSDPNWWKGACHGQTGMFPRNYVTPVN,-0.108710808,-0.560865729,-2.68608,-9.386781693
TYVQALFDFDPQEDGELCFRRGDFIHVMDNSDPNWWKGACHGQTGMFPRNYVTPVN,-0.013651615,-0.637080902,0.0210594,-7.83652401
TYVQALFDFDPQEDGELWFRRGDFIHVMDNSDPNWWKGACHGQTGMFPRNYVTPVN,0.024769829,-0.936797223,-3.88897,-8.590641975
TYVQALFDFDPQEDGELFFRRGDFIHVMDNSDPNWWKGACHGQTGMFPRNYVTPVN,0.024884593,-0.858265048,-2.4438,-8.694169998
TYVQALFDFDPQEDGELGNRRGDFIHVMDNSDPNWWKGACHGQTGMFPRNYVTPVN,-1.123274004,1.557990818,10.5517,-13.15505981
TYVQALFDFDPQEDGELGTRRGDFIHVMDNSDPNWWKGACHGQTGMFPRNYVTPVN,-1.13071145,1.466283923,12.867,-12.31777287
TYVQALFDFDPQEDGELGRRRGDFIHVMDNSDPNWWKGACHGQTGMFPRNYVTPVN,-1.110732779,1.506431157,17.404,-14.08992958
TYVQALFDFDPQEDGELGSRRGDFIHVMDNSDPNWWKGACHGQTGMFPRNYVTPVN,-0.936933658,1.471719752,12.6901,-12.51366043
TYVQALFDFDPQEDGELGIRRGDFIHVMDNSDPNWWKGACHGQTGMFPRNYVTPVN,-0.90745065,0.846780915,14.1676,-6.280220509
TYVQALFDFDPQEDGELGMRRGDFIHVMDNSDPNWWKGACHGQTGMFPRNYVTPVN,-0.872836196,0.881639766,4.09808,-7.826029778
TYVQALFDFDPQEDGELGHRRGDFIHVMDNSDPNWWKGACHGQTGMFPRNYVTPVN,-1.104914598,1.45434403,7.77528,-12.7331171
TYVQALFDFDPQEDGELGPRRGDFIHVMDNSDPNWWKGACHGQTGMFPRNYVTPVN,-1.167170944,1.891008879,24.4553,-14.17442894
TYVQALFDFDPQEDGELGLRRGDFIHVMDNSDPNWWKGACHGQTGMFPRNYVTPVN,-0.65157187,0.445176769,13.0518,-3.88619566
TYVQALFDFDPQEDGELGVRRGDFIHVMDNSDPNWWKGACHGQTGMFPRNYVTPVN,-1.041887818,1.356783597,9.45269,-8.394850731
TYVQALFDFDPQEDGELGYRRGDFIHVMDNSDPNWWKGACHGQTGMFPRNYVTPVN,-0.955705924,1.028701293,1.34452,-10.18353653
TYVQALFDFDPQEDGELGCRRGDFIHVMDNSDPNWWKGACHGQTGMFPRNYVTPVN,-1.023937092,1.155745134,10.1836,-9.187368393
TYVQALFDFDPQEDGELGFNRGDFIHVMDNSDPNWWKGACHGQTGMFPRNYVTPVN,-0.113721,-0.356856546,-1.04467,-6.44872427
TYVQALFDFDPQEDGELGFTRGDFIHVMDNSDPNWWKGACHGQTGMFPRNYVTPVN,-0.228237748,-0.149206213,-1.97516,-6.98412323
TYVQALFDFDPQEDGELGFSRGDFIHVMDNSDPNWWKGACHGQTGMFPRNYVTPVN,-0.069115654,-0.540431947,-1.17728,-5.210914135
TYVQALFDFDPQEDGELGFIRGDFIHVMDNSDPNWWKGACHGQTGMFPRNYVTPVN,-0.426863819,0.345396134,0.244813,-7.933153629
TYVQALFDFDPQEDGELGFHRGDFIHVMDNSDPNWWKGACHGQTGMFPRNYVTPVN,-0.040015536,-0.426901184,-1.16849,-5.324843407
TYVQALFDFDPQEDGELGFQRGDFIHVMDNSDPNWWKGACHGQTGMFPRNYVTPVN,-0.074562576,-0.61310912,0.17119,-5.640758514
TYVQALFDFDPQEDGELGFPRGDFIHVMDNSDPNWWKGACHGQTGMFPRNYVTPVN,-0.846670353,1.056880818,5.92212,-12.95328522
TYVQALFDFDPQEDGELGFLRGDFIHVMDNSDPNWWKGACHGQTGMFPRNYVTPVN,-0.33661214,-0.030790088,-2.36485,-6.827085495
TYVQALFDFDPQEDGELGFDRGDFIHVMDNSDPNWWKGACHGQTGMFPRNYVTPVN,-0.57166126,0.357590922,0.783022,-9.232312202
TYVQALFDFDPQEDGELGFARGDFIHVMDNSDPNWWKGACHGQTGMFPRNYVTPVN,-0.124175656,-0.353679952,-0.718877,-7.397684574
TYVQALFDFDPQEDGELGFGRGDFIHVMDNSDPNWWKGACHGQTGMFPRNYVTPVN,-0.443241412,0.008651021,1.13346,-8.648617744
TYVQALFDFDPQEDGELGFYRGDFIHVMDNSDPNWWKGACHGQTGMFPRNYVTPVN,-0.491221236,0.217724018,-1.98012,-7.830966473
TYVQALFDFDPQEDGELGFCRGDFIHVMDNSDPNWWKGACHGQTGMFPRNYVTPVN,-0.279844326,-0.241552755,0.849664,-6.959472656
TYVQALFDFDPQEDGELGFWRGDFIHVMDNSDPNWWKGACHGQTGMFPRNYVTPVN,-0.686617704,0.505484726,-0.784975,-9.140920639
TYVQALFDFDPQEDGELGFFRGDFIHVMDNSDPNWWKGACHGQTGMFPRNYVTPVN,-0.400242376,0.181255238,-1.73916,-7.780887604
TYVQALFDFDPQEDGELGFRKGDFIHVMDNSDPNWWKGACHGQTGMFPRNYVTPVN,0.178510889,-1.363065923,-0.517169,-2.993302107
TYVQALFDFDPQEDGELGFRTGDFIHVMDNSDPNWWKGACHGQTGMFPRNYVTPVN,-0.055190579,-0.485529661,-0.229768,-5.552578926
TYVQALFDFDPQEDGELGFRSGDFIHVMDNSDPNWWKGACHGQTGMFPRNYVTPVN,-0.05950036,-0.527419645,1.82062,-6.338471889
TYVQALFDFDPQEDGELGFRIGDFIHVMDNSDPNWWKGACHGQTGMFPRNYVTPVN,-0.299214176,0.079298201,2.89034,-7.488397121
TYVQALFDFDPQEDGELGFRMGDFIHVMDNSDPNWWKGACHGQTGMFPRNYVTPVN,-0.126594186,-0.454123354,2.23232,-7.457029343
TYVQALFDFDPQEDGELGFRHGDFIHVMDNSDPNWWKGACHGQTGMFPRNYVTPVN,-0.250219438,-0.135537158,3.9778,-7.846442699
TYVQALFDFDPQEDGELGFRQGDFIHVMDNSDPNWWKGACHGQTGMFPRNYVTPVN,0.039743107,-0.870072368,0.457187,-5.019497871
TYVQALFDFDPQEDGELGFRPGDFIHVMDNSDPNWWKGACHGQTGMFPRNYVTPVN,-0.955763987,1.022380916,7.56976,-7.883143425
TYVQALFDFDPQEDGELGFRLGDFIHVMDNSDPNWWKGACHGQTGMFPRNYVTPVN,-0.56835225,0.294724248,3.33368,-7.787438393
TYVQALFDFDPQEDGELGFREGDFIHVMDNSDPNWWKGACHGQTGMFPRNYVTPVN,0.081849028,-1.024363383,1.54344,-4.845380783
TYVQALFDFDPQEDGELGFRAGDFIHVMDNSDPNWWKGACHGQTGMFPRNYVTPVN,0.1007813,-1.133549313,-0.152104,-4.19173336
TYVQALFDFDPQEDGELGFRGGDFIHVMDNSDPNWWKGACHGQTGMFPRNYVTPVN,-0.543215662,0.190794937,4.15602,-8.500864029
TYVQALFDFDPQEDGELGFRVGDFIHVMDNSDPNWWKGACHGQTGMFPRNYVTPVN,0.037048932,-0.770945191,1.88397,-5.775322914
TYVQALFDFDPQEDGELGFRCGDFIHVMDNSDPNWWKGACHGQTGMFPRNYVTPVN,-0.227100889,-0.185021293,0.954724,-7.445442677
TYVQALFDFDPQEDGELGFRWGDFIHVMDNSDPNWWKGACHGQTGMFPRNYVTPVN,-1.0484643,1.034199073,5.62999,-11.05307198
TYVQALFDFDPQEDGELGFRRKDFIHVMDNSDPNWWKGACHGQTGMFPRNYVTPVN,-0.95522261,1.043424875,9.55103,-8.418985367
TYVQALFDFDPQEDGELGFRRSDFIHVMDNSDPNWWKGACHGQTGMFPRNYVTPVN,-0.971193132,1.104688254,5.93399,-7.449115753
TYVQALFDFDPQEDGELGFRRRDFIHVMDNSDPNWWKGACHGQTGMFPRNYVTPVN,-1.076548493,1.17291483,11.3172,-7.797798634
TYVQALFDFDPQEDGELGFRRIDFIHVMDNSDPNWWKGACHGQTGMFPRNYVTPVN,-1.19550276,2.177350115,19.8755,-14.11601257
TYVQALFDFDPQEDGELGFRRQDFIHVMDNSDPNWWKGACHGQTGMFPRNYVTPVN,-1.024610274,1.129841339,8.83818,-8.610175133
TYVQALFDFDPQEDGELGFRRLDFIHVMDNSDPNWWKGACHGQTGMFPRNYVTPVN,-0.926913201,0.994976364,9.42652,-9.442580223
TYVQALFDFDPQEDGELGFRRDDFIHVMDNSDPNWWKGACHGQTGMFPRNYVTPVN,-0.593451047,0.577447903,7.2514,-7.025239468
TYVQALFDFDPQEDGELGFRREDFIHVMDNSDPNWWKGACHGQTGMFPRNYVTPVN,-1.025627409,1.225632014,10.4514,-8.250549316
TYVQALFDFDPQEDGELGFRRADFIHVMDNSDPNWWKGACHGQTGMFPRNYVTPVN,-0.948133363,1.296160751,7.39518,-9.025683403
TYVQALFDFDPQEDGELGFRRVDFIHVMDNSDPNWWKGACHGQTGMFPRNYVTPVN,-1.10686375,1.473564768,21.4235,-12.50331306
TYVQALFDFDPQEDGELGFRRCDFIHVMDNSDPNWWKGACHGQTGMFPRNYVTPVN,-1.109650129,1.350621503,10.7637,-9.570877075
TYVQALFDFDPQEDGELGFRRWDFIHVMDNSDPNWWKGACHGQTGMFPRNYVTPVN,-0.972872823,1.071696817,7.2621,-9.369926453
TYVQALFDFDPQEDGELGFRRGNFIHVMDNSDPNWWKGACHGQTGMFPRNYVTPVN,-0.792262828,0.938461259,6.2743,-7.827297211
TYVQALFDFDPQEDGELGFRRGKFIHVMDNSDPNWWKGACHGQTGMFPRNYVTPVN,-1.160927767,2.066263418,5.87277,-10.4439106
TYVQALFDFDPQEDGELGFRRGIFIHVMDNSDPNWWKGACHGQTGMFPRNYVTPVN,-1.192786256,1.773670321,7.07618,-11.8785162
TYVQALFDFDPQEDGELGFRRGHFIHVMDNSDPNWWKGACHGQTGMFPRNYVTPVN,-0.747278024,1.142064562,1.91047,-9.027846336
TYVQALFDFDPQEDGELGFRRGLFIHVMDNSDPNWWKGACHGQTGMFPRNYVTPVN,-1.12359191,1.570105068,3.89486,-11.86123562
TYVQALFDFDPQEDGELGFRRGEFIHVMDNSDPNWWKGACHGQTGMFPRNYVTPVN,-0.13432982,-0.357442321,5.12358,-4.29845047
TYVQALFDFDPQEDGELGFRRGAFIHVMDNSDPNWWKGACHGQTGMFPRNYVTPVN,-0.864540205,0.740478316,3.97064,-7.462949753
TYVQALFDFDPQEDGELGFRRGGFIHVMDNSDPNWWKGACHGQTGMFPRNYVTPVN,-1.102846385,1.454284366,8.69081,-9.206300735
TYVQALFDFDPQEDGELGFRRGVFIHVMDNSDPNWWKGACHGQTGMFPRNYVTPVN,-1.125428839,1.587022561,6.81874,-9.591567039
TYVQALFDFDPQEDGELGFRRGYFIHVMDNSDPNWWKGACHGQTGMFPRNYVTPVN,-1.049727996,2.046851827,3.85818,-10.50930882
TYVQALFDFDPQEDGELGFRRGSFIHVMDNSDPNWWKGACHGQTGMFPRNYVTPVN,-0.950647784,0.911878761,6.01579,-7.01012373
TYVQALFDFDPQEDGELGFRRGCFIHVMDNSDPNWWKGACHGQTGMFPRNYVTPVN,-1.098534043,1.384753184,4.33298,-9.579815865
TYVQALFDFDPQEDGELGFRRGFFIHVMDNSDPNWWKGACHGQTGMFPRNYVTPVN,-1.052861821,1.702250775,4.31602,-11.41875172
TYVQALFDFDPQEDGELGFRRGDNIHVMDNSDPNWWKGACHGQTGMFPRNYVTPVN,-0.332663042,0.373528374,3.59632,-5.336615086
TYVQALFDFDPQEDGELGFRRGDTIHVMDNSDPNWWKGACHGQTGMFPRNYVTPVN,0.024896308,-0.621216534,2.05844,-1.939630628
TYVQALFDFDPQEDGELGFRRGDSIHVMDNSDPNWWKGACHGQTGMFPRNYVTPVN,-0.201357784,0.016231286,4.37822,-4.801318645
TYVQALFDFDPQEDGELGFRRGDRIHVMDNSDPNWWKGACHGQTGMFPRNYVTPVN,0.06175527,-0.958307658,3.11811,-1.999054551
TYVQALFDFDPQEDGELGFRRGDIIHVMDNSDPNWWKGACHGQTGMFPRNYVTPVN,0.088640078,-1.153741295,-1.72681,0.401105165
TYVQALFDFDPQEDGELGFRRGDMIHVMDNSDPNWWKGACHGQTGMFPRNYVTPVN,0.186207224,-1.00733776,0.516323,-1.686604619
TYVQALFDFDPQEDGELGFRRGDHIHVMDNSDPNWWKGACHGQTGMFPRNYVTPVN,0.098147711,-0.3208421,3.50865,-4.801661968
TYVQALFDFDPQEDGELGFRRGDPIHVMDNSDPNWWKGACHGQTGMFPRNYVTPVN,-0.924378916,0.849699105,0.64815,-6.608587742
TYVQALFDFDPQEDGELGFRRGDLIHVMDNSDPNWWKGACHGQTGMFPRNYVTPVN,0.120368534,-0.940483883,-0.249091,0.094040394
TYVQALFDFDPQEDGELGFRRGDDIHVMDNSDPNWWKGACHGQTGMFPRNYVTPVN,-0.785056589,0.579362186,5.38423,-7.565696239
TYVQALFDFDPQEDGELGFRRGDAIHVMDNSDPNWWKGACHGQTGMFPRNYVTPVN,-0.578203348,0.24806015,4.08627,-5.23170948
TYVQALFDFDPQEDGELGFRRGDGIHVMDNSDPNWWKGACHGQTGMFPRNYVTPVN,-0.956491711,1.027863224,6.73198,-6.994508266
TYVQALFDFDPQEDGELGFRRGDVIHVMDNSDPNWWKGACHGQTGMFPRNYVTPVN,0.126721377,-1.124395096,0.489188,-0.193212986
TYVQALFDFDPQEDGELGFRRGDYIHVMDNSDPNWWKGACHGQTGMFPRNYVTPVN,0.040158213,-0.688519127,-0.315693,-3.908825397
TYVQALFDFDPQEDGELGFRRGDCIHVMDNSDPNWWKGACHGQTGMFPRNYVTPVN,0.009462157,-0.291825908,4.08514,-5.115692616
TYVQALFDFDPQEDGELGFRRGDWIHVMDNSDPNWWKGACHGQTGMFPRNYVTPVN,0.004749691,-0.752269018,2.33116,-4.736942768
TYVQALFDFDPQEDGELGFRRGDFNHVMDNSDPNWWKGACHGQTGMFPRNYVTPVN,-0.457286669,0.602753611,13.643,-15.17172146
TYVQALFDFDPQEDGELGFRRGDFKHVMDNSDPNWWKGACHGQTGMFPRNYVTPVN,-1.173031404,1.679951098,19.5902,-15.57186317
TYVQALFDFDPQEDGELGFRRGDFTHVMDNSDPNWWKGACHGQTGMFPRNYVTPVN,-0.678060003,0.921115701,8.99522,-12.33857918
TYVQALFDFDPQEDGELGFRRGDFSHVMDNSDPNWWKGACHGQTGMFPRNYVTPVN,-1.055671146,1.729775017,14.3641,-14.1131897
TYVQALFDFDPQEDGELGFRRGDFRHVMDNSDPNWWKGACHGQTGMFPRNYVTPVN,-1.052479974,1.802512595,24.6796,-14.97156239
TYVQALFDFDPQEDGELGFRRGDFMHVMDNSDPNWWKGACHGQTGMFPRNYVTPVN,-0.776481843,0.719149944,5.07908,-8.210790634
TYVQALFDFDPQEDGELGFRRGDFHHVMDNSDPNWWKGACHGQTGMFPRNYVTPVN,-1.199674391,2.795472175,13.4037,-14.654459
TYVQALFDFDPQEDGELGFRRGDFPHVMDNSDPNWWKGACHGQTGMFPRNYVTPVN,-1.029734944,1.25037943,16.8194,-16.00755501
TYVQALFDFDPQEDGELGFRRGDFLHVMDNSDPNWWKGACHGQTGMFPRNYVTPVN,-0.668754196,0.831273148,1.57528,-5.628373623
TYVQALFDFDPQEDGELGFRRGDFDHVMDNSDPNWWKGACHGQTGMFPRNYVTPVN,-1.097987218,1.482979797,19.5504,-15.32476425
TYVQALFDFDPQEDGELGFRRGDFAHVMDNSDPNWWKGACHGQTGMFPRNYVTPVN,-1.086080076,1.581293228,11.0516,-11.44368362
TYVQALFDFDPQEDGELGFRRGDFVHVMDNSDPNWWKGACHGQTGMFPRNYVTPVN,-0.375632738,0.150105505,2.48309,-4.861105919
TYVQALFDFDPQEDGELGFRRGDFYHVMDNSDPNWWKGACHGQTGMFPRNYVTPVN,-1.139065818,3.587805885,20.2626,-12.52064419
TYVQALFDFDPQEDGELGFRRGDFFHVMDNSDPNWWKGACHGQTGMFPRNYVTPVN,-0.472044822,0.631853085,10.2856,-9.06498909
TYVQALFDFDPQEDGELGFRRGDFINVMDNSDPNWWKGACHGQTGMFPRNYVTPVN,-0.035323928,-0.430359223,-0.603807,-3.531592369
TYVQALFDFDPQEDGELGFRRGDFIKVMDNSDPNWWKGACHGQTGMFPRNYVTPVN,-0.028772899,-1.145069328,-1.7281,-2.841935396
TYVQALFDFDPQEDGELGFRRGDFITVMDNSDPNWWKGACHGQTGMFPRNYVTPVN,-0.029186618,-0.679269664,-1.0492,-3.168062449
TYVQALFDFDPQEDGELGFRRGDFISVMDNSDPNWWKGACHGQTGMFPRNYVTPVN,-0.123274048,-0.542738569,0.10641,-3.639771461
TYVQALFDFDPQEDGELGFRRGDFIRVMDNSDPNWWKGACHGQTGMFPRNYVTPVN,0.084815849,-0.930658609,-0.790871,-3.40748024
TYVQALFDFDPQEDGELGFRRGDFIIVMDNSDPNWWKGACHGQTGMFPRNYVTPVN,-0.013770971,-0.640731619,-2.43472,-5.063501835
TYVQALFDFDPQEDGELGFRRGDFIPVMDNSDPNWWKGACHGQTGMFPRNYVTPVN,-0.834505228,0.830468614,8.8006,-7.589823723
TYVQALFDFDPQEDGELGFRRGDFILVMDNSDPNWWKGACHGQTGMFPRNYVTPVN,0.126702609,-1.086445505,-3.77893,-4.070586205
TYVQALFDFDPQEDGELGFRRGDFIDVMDNSDPNWWKGACHGQTGMFPRNYVTPVN,-0.102200446,-0.1348028,1.21631,-3.893044472
TYVQALFDFDPQEDGELGFRRGDFIEVMDNSDPNWWKGACHGQTGMFPRNYVTPVN,0.207362464,-1.489432988,-1.51375,-1.821505547
TYVQALFDFDPQEDGELGFRRGDFIAVMDNSDPNWWKGACHGQTGMFPRNYVTPVN,0.004502389,-0.576477592,-0.600375,-3.924454689
TYVQALFDFDPQEDGELGFRRGDFIGVMDNSDPNWWKGACHGQTGMFPRNYVTPVN,-0.398415176,0.309486387,4.02702,-5.539465904
TYVQALFDFDPQEDGELGFRRGDFIVVMDNSDPNWWKGACHGQTGMFPRNYVTPVN,0.032176968,-0.875377368,-2.37418,-4.637218475
TYVQALFDFDPQEDGELGFRRGDFIYVMDNSDPNWWKGACHGQTGMFPRNYVTPVN,-0.131994559,-0.780334152,-3.60051,-5.63687849
TYVQALFDFDPQEDGELGFRRGDFICVMDNSDPNWWKGACHGQTGMFPRNYVTPVN,-0.031947176,-0.711476556,-0.342374,-5.910514832
TYVQALFDFDPQEDGELGFRRGDFIFVMDNSDPNWWKGACHGQTGMFPRNYVTPVN,-0.01472802,-1.069438787,-2.54596,-5.596130371
TYVQALFDFDPQEDGELGFRRGDFIHNMDNSDPNWWKGACHGQTGMFPRNYVTPVN,-1.142784474,1.650287131,9.475,-10.08308029
TYVQALFDFDPQEDGELGFRRGDFIHTMDNSDPNWWKGACHGQTGMFPRNYVTPVN,-1.136509202,1.988079235,5.68742,-10.73952961
TYVQALFDFDPQEDGELGFRRGDFIHSMDNSDPNWWKGACHGQTGMFPRNYVTPVN,-1.125607547,1.769740428,9.56343,-10.47079086
TYVQALFDFDPQEDGELGFRRGDFIHIMDNSDPNWWKGACHGQTGMFPRNYVTPVN,-0.113627595,-0.307635145,-0.371134,-7.103051186
TYVQALFDFDPQEDGELGFRRGDFIHMMDNSDPNWWKGACHGQTGMFPRNYVTPVN,-0.729410491,0.752676313,3.46514,-8.617893219
TYVQALFDFDPQEDGELGFRRGDFIHHMDNSDPNWWKGACHGQTGMFPRNYVTPVN,-1.152934758,2.023475123,15.7365,-12.44595432
TYVQALFDFDPQEDGELGFRRGDFIHLMDNSDPNWWKGACHGQTGMFPRNYVTPVN,-0.022463235,-0.446227444,0.91306,-6.902684212
TYVQALFDFDPQEDGELGFRRGDFIHDMDNSDPNWWKGACHGQTGMFPRNYVTPVN,-0.59172332,0.621159037,11.2184,-10.24487495
TYVQALFDFDPQEDGELGFRRGDFIHEMDNSDPNWWKGACHGQTGMFPRNYVTPVN,-1.081784017,1.974616368,10.4541,-11.70424461
TYVQALFDFDPQEDGELGFRRGDFIHAMDNSDPNWWKGACHGQTGMFPRNYVTPVN,-0.879241069,1.064240532,7.68952,-7.136319637
TYVQALFDFDPQEDGELGFRRGDFIHGMDNSDPNWWKGACHGQTGMFPRNYVTPVN,-1.093567271,1.453282838,13.2475,-9.833854675
TYVQALFDFDPQEDGELGFRRGDFIHYMDNSDPNWWKGACHGQTGMFPRNYVTPVN,-1.094218425,1.50925976,19.2153,-12.71816444
TYVQALFDFDPQEDGELGFRRGDFIHCMDNSDPNWWKGACHGQTGMFPRNYVTPVN,-0.890659421,1.315198823,6.926,-8.032077789
TYVQALFDFDPQEDGELGFRRGDFIHFMDNSDPNWWKGACHGQTGMFPRNYVTPVN,-0.652230987,0.934377479,17.4417,-11.24888802
TYVQALFDFDPQEDGELGFRRGDFIHVKDNSDPNWWKGACHGQTGMFPRNYVTPVN,-0.182637399,-0.406219503,2.17255,-5.561104774
TYVQALFDFDPQEDGELGFRRGDFIHVNDNSDPNWWKGACHGQTGMFPRNYVTPVN,-0.558507396,0.334311409,0.816228,-4.692254543
TYVQALFDFDPQEDGELGFRRGDFIHVTDNSDPNWWKGACHGQTGMFPRNYVTPVN,0.001240763,-0.90461628,1.44104,-1.212027669
TYVQALFDFDPQEDGELGFRRGDFIHVSDNSDPNWWKGACHGQTGMFPRNYVTPVN,-0.178983485,-0.303762797,3.98767,-2.773035526
TYVQALFDFDPQEDGELGFRRGDFIHVRDNSDPNWWKGACHGQTGMFPRNYVTPVN,-0.438362082,0.007929074,1.59102,-5.78458786
TYVQALFDFDPQEDGELGFRRGDFIHVIDNSDPNWWKGACHGQTGMFPRNYVTPVN,-0.019053051,-0.916151708,-2.36856,-1.752915502
TYVQALFDFDPQEDGELGFRRGDFIHVQDNSDPNWWKGACHGQTGMFPRNYVTPVN,-0.105165515,-0.543765077,-0.104892,-3.624454498
TYVQALFDFDPQEDGELGFRRGDFIHVPDNSDPNWWKGACHGQTGMFPRNYVTPVN,-1.113067941,1.632019998,19.2416,-7.102596283
TYVQALFDFDPQEDGELGFRRGDFIHVLDNSDPNWWKGACHGQTGMFPRNYVTPVN,0.094571626,-1.333418513,-3.53617,-0.556523323
TYVQALFDFDPQEDGELGFRRGDFIHVEDNSDPNWWKGACHGQTGMFPRNYVTPVN,-0.073304767,-0.670884399,0.810769,-3.17247057
TYVQALFDFDPQEDGELGFRRGDFIHVADNSDPNWWKGACHGQTGMFPRNYVTPVN,-0.523389011,0.245220806,2.87453,-3.837713242
TYVQALFDFDPQEDGELGFRRGDFIHVGDNSDPNWWKGACHGQTGMFPRNYVTPVN,-0.99596309,1.00524614,6.71795,-6.416391373
TYVQALFDFDPQEDGELGFRRGDFIHVVDNSDPNWWKGACHGQTGMFPRNYVTPVN,0.006561485,-0.934738114,-0.109635,-1.922336221
TYVQALFDFDPQEDGELGFRRGDFIHVYDNSDPNWWKGACHGQTGMFPRNYVTPVN,-0.568474318,0.385340919,-1.8695,-4.122636318
TYVQALFDFDPQEDGELGFRRGDFIHVWDNSDPNWWKGACHGQTGMFPRNYVTPVN,-0.284928753,-0.271865491,-1.66409,-6.486815453
TYVQALFDFDPQEDGELGFRRGDFIHVFDNSDPNWWKGACHGQTGMFPRNYVTPVN,-0.191366101,-0.416138001,-1.15842,-3.526371956
TYVQALFDFDPQEDGELGFRRGDFIHVMNNSDPNWWKGACHGQTGMFPRNYVTPVN,-0.446294025,0.006564774,1.49406,-7.972620487
TYVQALFDFDPQEDGELGFRRGDFIHVMKNSDPNWWKGACHGQTGMFPRNYVTPVN,-1.020784643,1.195741672,6.18153,-10.46054363
TYVQALFDFDPQEDGELGFRRGDFIHVMSNSDPNWWKGACHGQTGMFPRNYVTPVN,-0.717681359,0.826738365,5.62525,-9.481586456
TYVQALFDFDPQEDGELGFRRGDFIHVMINSDPNWWKGACHGQTGMFPRNYVTPVN,-1.124622425,1.79739592,5.943,-12.45671558
TYVQALFDFDPQEDGELGFRRGDFIHVMHNSDPNWWKGACHGQTGMFPRNYVTPVN,-1.035000751,1.07670488,6.23466,-10.65981483
TYVQALFDFDPQEDGELGFRRGDFIHVMPNSDPNWWKGACHGQTGMFPRNYVTPVN,-1.142037007,1.956956895,37.3192,-14.45849895
TYVQALFDFDPQEDGELGFRRGDFIHVMLNSDPNWWKGACHGQTGMFPRNYVTPVN,-1.134691059,1.771820669,5.27157,-12.43838692
TYVQALFDFDPQEDGELGFRRGDFIHVMENSDPNWWKGACHGQTGMFPRNYVTPVN,-0.078938989,-0.458627637,5.51518,-5.7920928
TYVQALFDFDPQEDGELGFRRGDFIHVMANSDPNWWKGACHGQTGMFPRNYVTPVN,-0.707766094,0.772949091,6.14549,-10.37026501
TYVQALFDFDPQEDGELGFRRGDFIHVMGNSDPNWWKGACHGQTGMFPRNYVTPVN,-0.940674971,0.929706449,10.076,-10.03386497
TYVQALFDFDPQEDGELGFRRGDFIHVMVNSDPNWWKGACHGQTGMFPRNYVTPVN,-1.026781788,1.233350436,5.47943,-10.49835587
TYVQALFDFDPQEDGELGFRRGDFIHVMYNSDPNWWKGACHGQTGMFPRNYVTPVN,-1.086146625,1.249148155,4.71565,-11.4288187
TYVQALFDFDPQEDGELGFRRGDFIHVMCNSDPNWWKGACHGQTGMFPRNYVTPVN,-0.612683272,0.697951737,6.67045,-12.33482361
TYVQALFDFDPQEDGELGFRRGDFIHVMFNSDPNWWKGACHGQTGMFPRNYVTPVN,-1.190744703,2.775470866,5.8125,-12.93035507
TYVQALFDFDPQEDGELGFRRGDFIHVMDKSDPNWWKGACHGQTGMFPRNYVTPVN,0.109401942,-0.974204055,2.01139,-4.221162796
TYVQALFDFDPQEDGELGFRRGDFIHVMDTSDPNWWKGACHGQTGMFPRNYVTPVN,0.03298267,-0.798777689,-0.030171,-3.180962086
TYVQALFDFDPQEDGELGFRRGDFIHVMDSSDPNWWKGACHGQTGMFPRNYVTPVN,0.057454953,-0.902987103,1.4912,-2.253852606
TYVQALFDFDPQEDGELGFRRGDFIHVMDRSDPNWWKGACHGQTGMFPRNYVTPVN,0.018954653,-0.795293923,1.32677,-3.321182728
TYVQALFDFDPQEDGELGFRRGDFIHVMDISDPNWWKGACHGQTGMFPRNYVTPVN,-0.24477887,-0.217987624,0.226992,-5.724910736
TYVQALFDFDPQEDGELGFRRGDFIHVMDMSDPNWWKGACHGQTGMFPRNYVTPVN,-0.06214195,-0.663679656,1.49326,-4.825350761
TYVQALFDFDPQEDGELGFRRGDFIHVMDHSDPNWWKGACHGQTGMFPRNYVTPVN,-0.103662978,-0.175552366,6.75191,-5.697131157
TYVQALFDFDPQEDGELGFRRGDFIHVMDDSDPNWWKGACHGQTGMFPRNYVTPVN,-0.050396193,-0.759508922,1.25074,-2.09257555
TYVQALFDFDPQEDGELGFRRGDFIHVMDESDPNWWKGACHGQTGMFPRNYVTPVN,-0.245690534,0.260620912,2.7702,-5.054864407
TYVQALFDFDPQEDGELGFRRGDFIHVMDASDPNWWKGACHGQTGMFPRNYVTPVN,-0.131552866,-0.57423952,0.650719,-4.25459671
TYVQALFDFDPQEDGELGFRRGDFIHVMDGSDPNWWKGACHGQTGMFPRNYVTPVN,-0.180490365,-0.217476474,3.42464,-5.370307922
TYVQALFDFDPQEDGELGFRRGDFIHVMDVSDPNWWKGACHGQTGMFPRNYVTPVN,-0.237139668,-0.121342673,0.424222,-5.294260502
TYVQALFDFDPQEDGELGFRRGDFIHVMDCSDPNWWKGACHGQTGMFPRNYVTPVN,0.052679703,-0.682331987,3.57749,-3.401362419
TYVQALFDFDPQEDGELGFRRGDFIHVMDFSDPNWWKGACHGQTGMFPRNYVTPVN,-0.301943854,-0.008442813,5.54753,-7.140966415
TYVQALFDFDPQEDGELGFRRGDFIHVMDNKDPNWWKGACHGQTGMFPRNYVTPVN,-0.029847029,-0.376171963,1.57021,-6.205900669
TYVQALFDFDPQEDGELGFRRGDFIHVMDNTDPNWWKGACHGQTGMFPRNYVTPVN,-0.024269033,-0.515715037,0.0458927,-4.813459396
TYVQALFDFDPQEDGELGFRRGDFIHVMDNRDPNWWKGACHGQTGMFPRNYVTPVN,-0.192453303,-0.137968841,-2.7073,-5.982102394
TYVQALFDFDPQEDGELGFRRGDFIHVMDNIDPNWWKGACHGQTGMFPRNYVTPVN,-0.910920563,0.705199769,2.31253,-8.205386162
TYVQALFDFDPQEDGELGFRRGDFIHVMDNQDPNWWKGACHGQTGMFPRNYVTPVN,-0.13478879,-0.248923054,2.67905,-5.782164097
TYVQALFDFDPQEDGELGFRRGDFIHVMDNPDPNWWKGACHGQTGMFPRNYVTPVN,-1.036982444,2.016015166,15.0361,-8.059058189
TYVQALFDFDPQEDGELGFRRGDFIHVMDNLDPNWWKGACHGQTGMFPRNYVTPVN,-0.71925434,0.657253557,2.36332,-7.141352654
TYVQALFDFDPQEDGELGFRRGDFIHVMDNEDPNWWKGACHGQTGMFPRNYVTPVN,-0.338386895,-0.073238412,2.71922,-6.354664803
TYVQALFDFDPQEDGELGFRRGDFIHVMDNADPNWWKGACHGQTGMFPRNYVTPVN,-0.185455719,-0.15979944,1.86008,-6.041602135
TYVQALFDFDPQEDGELGFRRGDFIHVMDNVDPNWWKGACHGQTGMFPRNYVTPVN,-0.54334581,0.697019988,2.07461,-7.954112053
TYVQALFDFDPQEDGELGFRRGDFIHVMDNYDPNWWKGACHGQTGMFPRNYVTPVN,-0.860659601,0.820152179,1.89098,-8.380474091
TYVQALFDFDPQEDGELGFRRGDFIHVMDNWDPNWWKGACHGQTGMFPRNYVTPVN,-1.01658783,1.381942041,-3.02671,-10.33540726
TYVQALFDFDPQEDGELGFRRGDFIHVMDNFDPNWWKGACHGQTGMFPRNYVTPVN,-0.97763494,1.002500561,2.13072,-8.663232803
TYVQALFDFDPQEDGELGFRRGDFIHVMDNSNPNWWKGACHGQTGMFPRNYVTPVN,-0.058790573,-0.461988498,-5.10057,-9.416065216
TYVQALFDFDPQEDGELGFRRGDFIHVMDNSKPNWWKGACHGQTGMFPRNYVTPVN,-0.406850135,0.068592156,0.245477,-13.09779739
TYVQALFDFDPQEDGELGFRRGDFIHVMDNSTPNWWKGACHGQTGMFPRNYVTPVN,-0.561513058,0.770437533,-0.673931,-12.92756081
TYVQALFDFDPQEDGELGFRRGDFIHVMDNSSPNWWKGACHGQTGMFPRNYVTPVN,-0.379239485,0.086015058,-3.72145,-10.52365017
TYVQALFDFDPQEDGELGFRRGDFIHVMDNSIPNWWKGACHGQTGMFPRNYVTPVN,-1.148385973,1.782408334,-2.02808,-13.74042702
TYVQALFDFDPQEDGELGFRRGDFIHVMDNSEPNWWKGACHGQTGMFPRNYVTPVN,-0.42913739,0.164637897,-1.62997,-7.993758202
TYVQALFDFDPQEDGELGFRRGDFIHVMDNSAPNWWKGACHGQTGMFPRNYVTPVN,-0.37948123,0.249441386,-0.968824,-12.61655045
TYVQALFDFDPQEDGELGFRRGDFIHVMDNSGPNWWKGACHGQTGMFPRNYVTPVN,-0.270985991,-0.217327404,2.36571,-11.60076523
TYVQALFDFDPQEDGELGFRRGDFIHVMDNSVPNWWKGACHGQTGMFPRNYVTPVN,-0.988696143,1.259685848,-2.04708,-13.44896889
TYVQALFDFDPQEDGELGFRRGDFIHVMDNSYPNWWKGACHGQTGMFPRNYVTPVN,-0.677634584,0.493159604,-0.825231,-13.41116524
TYVQALFDFDPQEDGELGFRRGDFIHVMDNSCPNWWKGACHGQTGMFPRNYVTPVN,-0.497171381,0.451579044,-0.876972,-14.63724995
TYVQALFDFDPQEDGELGFRRGDFIHVMDNSFPNWWKGACHGQTGMFPRNYVTPVN,-1.084682398,2.508298109,1.37251,-15.10801125
TYVQALFDFDPQEDGELGFRRGDFIHVMDNSDNNWWKGACHGQTGMFPRNYVTPVN,-0.062971255,-0.416219098,3.0744,-5.695405006
TYVQALFDFDPQEDGELGFRRGDFIHVMDNSDKNWWKGACHGQTGMFPRNYVTPVN,-0.046945403,-0.236552849,2.96472,-6.160017967
TYVQALFDFDPQEDGELGFRRGDFIHVMDNSDTNWWKGACHGQTGMFPRNYVTPVN,-0.115391359,-0.297971681,3.1118,-5.287542343
TYVQALFDFDPQEDGELGFRRGDFIHVMDNSDSNWWKGACHGQTGMFPRNYVTPVN,-0.099993733,-0.332854704,2.53462,-4.025475502
TYVQALFDFDPQEDGELGFRRGDFIHVMDNSDRNWWKGACHGQTGMFPRNYVTPVN,0.049958655,-0.427430136,4.40914,-6.561108589
TYVQALFDFDPQEDGELGFRRGDFIHVMDNSDINWWKGACHGQTGMFPRNYVTPVN,-0.269279726,0.112602084,4.65177,-6.367803574
TYVQALFDFDPQEDGELGFRRGDFIHVMDNSDHNWWKGACHGQTGMFPRNYVTPVN,-0.141069609,-0.321601937,4.3021,-7.020274162
TYVQALFDFDPQEDGELGFRRGDFIHVMDNSDQNWWKGACHGQTGMFPRNYVTPVN,-0.068503299,-0.413024785,3.96246,-5.114619732
TYVQALFDFDPQEDGELGFRRGDFIHVMDNSDLNWWKGACHGQTGMFPRNYVTPVN,-0.159364615,-0.079511005,2.61548,-6.133690834
TYVQALFDFDPQEDGELGFRRGDFIHVMDNSDDNWWKGACHGQTGMFPRNYVTPVN,-0.026281805,-0.301414332,3.55621,-3.552795887
TYVQALFDFDPQEDGELGFRRGDFIHVMDNSDANWWKGACHGQTGMFPRNYVTPVN,0.049963434,-0.588514176,3.95799,-3.407278538
TYVQALFDFDPQEDGELGFRRGDFIHVMDNSDGNWWKGACHGQTGMFPRNYVTPVN,-0.212121272,-0.135826401,4.70684,-4.495099545
TYVQALFDFDPQEDGELGFRRGDFIHVMDNSDVNWWKGACHGQTGMFPRNYVTPVN,-0.242857787,-0.164128108,4.01911,-4.98801136
TYVQALFDFDPQEDGELGFRRGDFIHVMDNSDYNWWKGACHGQTGMFPRNYVTPVN,-0.607316593,0.453919496,4.29041,-8.853676796
TYVQALFDFDPQEDGELGFRRGDFIHVMDNSDCNWWKGACHGQTGMFPRNYVTPVN,-0.18716257,-0.1994199,5.17092,-7.583590031
TYVQALFDFDPQEDGELGFRRGDFIHVMDNSDFNWWKGACHGQTGMFPRNYVTPVN,-0.700429154,0.603569945,4.98057,-8.086069107
TYVQALFDFDPQEDGELGFRRGDFIHVMDNSDPKWWKGACHGQTGMFPRNYVTPVN,0.134378211,-0.945982988,-0.239792,-7.594273567
TYVQALFDFDPQEDGELGFRRGDFIHVMDNSDPTWWKGACHGQTGMFPRNYVTPVN,-0.026366136,-0.714388725,0.395384,-5.114539146
TYVQALFDFDPQEDGELGFRRGDFIHVMDNSDPSWWKGACHGQTGMFPRNYVTPVN,-0.003067316,-0.547375438,1.07787,-4.670957565
TYVQALFDFDPQEDGELGFRRGDFIHVMDNSDPRWWKGACHGQTGMFPRNYVTPVN,0.035565825,-0.552738929,1.69197,-6.209528446
TYVQALFDFDPQEDGELGFRRGDFIHVMDNSDPQWWKGACHGQTGMFPRNYVTPVN,-0.053208585,-0.596191146,0.488672,-5.706622124
TYVQALFDFDPQEDGELGFRRGDFIHVMDNSDPLWWKGACHGQTGMFPRNYVTPVN,-0.09725473,-0.759342693,-0.744733,-4.524568558
TYVQALFDFDPQEDGELGFRRGDFIHVMDNSDPDWWKGACHGQTGMFPRNYVTPVN,0.012641326,-0.702235221,-0.793173,-5.06196928
TYVQALFDFDPQEDGELGFRRGDFIHVMDNSDPEWWKGACHGQTGMFPRNYVTPVN,-0.082835127,-0.693443023,-0.690097,-5.592276096
TYVQALFDFDPQEDGELGFRRGDFIHVMDNSDPAWWKGACHGQTGMFPRNYVTPVN,-0.20269359,-0.189137945,1.16485,-5.372455597
TYVQALFDFDPQEDGELGFRRGDFIHVMDNSDPGWWKGACHGQTGMFPRNYVTPVN,-0.296144689,-0.078949397,3.69346,-6.330016613
TYVQALFDFDPQEDGELGFRRGDFIHVMDNSDPVWWKGACHGQTGMFPRNYVTPVN,0.163381323,-1.040077235,-0.349933,-5.273440838
TYVQALFDFDPQEDGELGFRRGDFIHVMDNSDPCWWKGACHGQTGMFPRNYVTPVN,-0.136856233,-0.28824208,2.39218,-6.635523796
TYVQALFDFDPQEDGELGFRRGDFIHVMDNSDPFWWKGACHGQTGMFPRNYVTPVN,0.093278856,-1.073563988,0.494493,-7.876685143
TYVQALFDFDPQEDGELGFRRGDFIHVMDNSDPNKWKGACHGQTGMFPRNYVTPVN,0.021297317,-0.33777624,4.21184,-14.86137676
TYVQALFDFDPQEDGELGFRRGDFIHVMDNSDPNTWKGACHGQTGMFPRNYVTPVN,-0.081157291,-0.398846147,4.2859,-13.85170078
TYVQALFDFDPQEDGELGFRRGDFIHVMDNSDPNSWKGACHGQTGMFPRNYVTPVN,-0.436018654,0.206761234,6.01868,-12.85273933
TYVQALFDFDPQEDGELGFRRGDFIHVMDNSDPNRWKGACHGQTGMFPRNYVTPVN,-0.051949876,-0.633701052,5.4098,-11.27258492
TYVQALFDFDPQEDGELGFRRGDFIHVMDNSDPNMWKGACHGQTGMFPRNYVTPVN,-0.006823764,-0.716094845,1.56311,-12.64772034
TYVQALFDFDPQEDGELGFRRGDFIHVMDNSDPNQWKGACHGQTGMFPRNYVTPVN,-0.15442618,-0.166723713,4.3913,-14.2922945
TYVQALFDFDPQEDGELGFRRGDFIHVMDNSDPNLWKGACHGQTGMFPRNYVTPVN,-0.177330048,-0.260848648,3.08984,-11.52140236
TYVQALFDFDPQEDGELGFRRGDFIHVMDNSDPNEWKGACHGQTGMFPRNYVTPVN,-0.462694287,0.251787377,4.05875,-14.8706646
TYVQALFDFDPQEDGELGFRRGDFIHVMDNSDPNAWKGACHGQTGMFPRNYVTPVN,-0.672469822,0.528522295,4.40411,-14.66606522
TYVQALFDFDPQEDGELGFRRGDFIHVMDNSDPNGWKGACHGQTGMFPRNYVTPVN,-1.061987854,1.256417621,9.86815,-12.8844862
TYVQALFDFDPQEDGELGFRRGDFIHVMDNSDPNVWKGACHGQTGMFPRNYVTPVN,-0.022254334,-0.626492274,2.5189,-13.5194397
TYVQALFDFDPQEDGELGFRRGDFIHVMDNSDPNYWKGACHGQTGMFPRNYVTPVN,-0.116988473,-0.458097462,0.625412,-10.42357445
TYVQALFDFDPQEDGELGFRRGDFIHVMDNSDPNCWKGACHGQTGMFPRNYVTPVN,-0.315635643,0.005980341,4.33969,-11.47969913
TYVQALFDFDPQEDGELGFRRGDFIHVMDNSDPNFWKGACHGQTGMFPRNYVTPVN,-0.20959313,-0.160182845,1.16997,-9.884075165
TYVQALFDFDPQEDGELGFRRGDFIHVMDNSDPNWKKGACHGQTGMFPRNYVTPVN,-1.08036584,2.432734938,7.72129,-10.79431152
TYVQALFDFDPQEDGELGFRRGDFIHVMDNSDPNWTKGACHGQTGMFPRNYVTPVN,-1.028411012,1.142371734,3.77187,-7.961452484
TYVQALFDFDPQEDGELGFRRGDFIHVMDNSDPNWSKGACHGQTGMFPRNYVTPVN,-0.948140206,1.084309754,7.67978,-6.787864208
TYVQALFDFDPQEDGELGFRRGDFIHVMDNSDPNWRKGACHGQTGMFPRNYVTPVN,-0.801087598,0.90577603,4.821,-9.441486359
TYVQALFDFDPQEDGELGFRRGDFIHVMDNSDPNWMKGACHGQTGMFPRNYVTPVN,-0.204485582,-0.184654258,-0.563438,-7.601512909
TYVQALFDFDPQEDGELGFRRGDFIHVMDNSDPNWQKGACHGQTGMFPRNYVTPVN,-1.086431531,1.229374245,4.00823,-9.377177238
TYVQALFDFDPQEDGELGFRRGDFIHVMDNSDPNWLKGACHGQTGMFPRNYVTPVN,-0.162927764,-0.37567911,-0.466693,-5.442271233
TYVQALFDFDPQEDGELGFRRGDFIHVMDNSDPNWGKGACHGQTGMFPRNYVTPVN,-0.896164181,1.044200269,11.3016,-9.347342491
TYVQALFDFDPQEDGELGFRRGDFIHVMDNSDPNWVKGACHGQTGMFPRNYVTPVN,-0.251091397,-0.125368246,-1.88985,-7.663012028
TYVQALFDFDPQEDGELGFRRGDFIHVMDNSDPNWYKGACHGQTGMFPRNYVTPVN,-0.368065131,-0.028541207,3.80083,-6.163192272
TYVQALFDFDPQEDGELGFRRGDFIHVMDNSDPNWCKGACHGQTGMFPRNYVTPVN,-0.520757499,0.406870717,3.97048,-6.419615269
TYVQALFDFDPQEDGELGFRRGDFIHVMDNSDPNWFKGACHGQTGMFPRNYVTPVN,-0.541862182,0.414237758,2.13341,-6.637749672
TYVQALFDFDPQEDGELGFRRGDFIHVMDNSDPNWWNGACHGQTGMFPRNYVTPVN,-0.528331459,0.216176552,1.98374,-5.059836388
TYVQALFDFDPQEDGELGFRRGDFIHVMDNSDPNWWTGACHGQTGMFPRNYVTPVN,-0.165127021,-0.22639068,2.00438,-2.983140469
TYVQALFDFDPQEDGELGFRRGDFIHVMDNSDPNWWSGACHGQTGMFPRNYVTPVN,-0.334163533,0.02539619,2.53533,-4.640907764
TYVQALFDFDPQEDGELGFRRGDFIHVMDNSDPNWWRGACHGQTGMFPRNYVTPVN,-0.095475884,-0.477180183,0.152681,-2.702538729
TYVQALFDFDPQEDGELGFRRGDFIHVMDNSDPNWWIGACHGQTGMFPRNYVTPVN,-0.236757037,-0.681161159,-1.41791,-4.886630058
TYVQALFDFDPQEDGELGFRRGDFIHVMDNSDPNWWMGACHGQTGMFPRNYVTPVN,-0.105523965,-0.563186523,-1.02847,-4.551170826
TYVQALFDFDPQEDGELGFRRGDFIHVMDNSDPNWWQGACHGQTGMFPRNYVTPVN,-0.130568831,-0.457942949,0.0758131,-4.143349648
TYVQALFDFDPQEDGELGFRRGDFIHVMDNSDPNWWLGACHGQTGMFPRNYVTPVN,-0.115679583,-0.644829427,-2.49454,-4.322404385
TYVQALFDFDPQEDGELGFRRGDFIHVMDNSDPNWWDGACHGQTGMFPRNYVTPVN,-1.063839072,1.222374864,4.0762,-7.820249557
TYVQALFDFDPQEDGELGFRRGDFIHVMDNSDPNWWEGACHGQTGMFPRNYVTPVN,-0.115420958,-0.446059349,0.66699,-4.636546135
TYVQALFDFDPQEDGELGFRRGDFIHVMDNSDPNWWGGACHGQTGMFPRNYVTPVN,-0.821329769,0.729329651,2.97081,-7.97958374
TYVQALFDFDPQEDGELGFRRGDFIHVMDNSDPNWWVGACHGQTGMFPRNYVTPVN,-0.118414334,-0.62801591,0.62838,-5.217274666
TYVQALFDFDPQEDGELGFRRGDFIHVMDNSDPNWWYGACHGQTGMFPRNYVTPVN,-0.153319192,-0.783085149,-2.6062,-4.911159992
TYVQALFDFDPQEDGELGFRRGDFIHVMDNSDPNWWKKACHGQTGMFPRNYVTPVN,-1.130622272,1.690556342,39.1333,-14.11640644
TYVQALFDFDPQEDGELGFRRGDFIHVMDNSDPNWWKTACHGQTGMFPRNYVTPVN,-1.157799617,1.83151279,18.2653,-15.32465744
TYVQALFDFDPQEDGELGFRRGDFIHVMDNSDPNWWKSACHGQTGMFPRNYVTPVN,-1.184223785,1.889802289,10.1261,-12.62167931
TYVQALFDFDPQEDGELGFRRGDFIHVMDNSDPNWWKRACHGQTGMFPRNYVTPVN,-1.121060944,1.48367867,39.241,-12.22661114
TYVQALFDFDPQEDGELGFRRGDFIHVMDNSDPNWWKIACHGQTGMFPRNYVTPVN,-1.179040852,2.050809054,34.8879,-15.41792202
TYVQALFDFDPQEDGELGFRRGDFIHVMDNSDPNWWKQACHGQTGMFPRNYVTPVN,-0.992468637,2.276158439,24.5886,-15.71191502
TYVQALFDFDPQEDGELGFRRGDFIHVMDNSDPNWWKLACHGQTGMFPRNYVTPVN,-1.065737983,1.546518305,30.9466,-15.83521557
TYVQALFDFDPQEDGELGFRRGDFIHVMDNSDPNWWKDACHGQTGMFPRNYVTPVN,-1.114371251,1.480006579,21.674,-11.74947834
TYVQALFDFDPQEDGELGFRRGDFIHVMDNSDPNWWKEACHGQTGMFPRNYVTPVN,-1.077354923,1.747654423,29.5378,-13.25905609
TYVQALFDFDPQEDGELGFRRGDFIHVMDNSDPNWWKAACHGQTGMFPRNYVTPVN,-1.135476351,1.642497124,5.43836,-10.1559763
TYVQALFDFDPQEDGELGFRRGDFIHVMDNSDPNWWKVACHGQTGMFPRNYVTPVN,-1.122484008,1.597989764,20.4638,-12.49552059
TYVQALFDFDPQEDGELGFRRGDFIHVMDNSDPNWWKCACHGQTGMFPRNYVTPVN,-1.138669101,1.865172094,12.2285,-12.34840965
TYVQALFDFDPQEDGELGFRRGDFIHVMDNSDPNWWKWACHGQTGMFPRNYVTPVN,-1.090639485,1.575069061,29.4146,-13.62255287
TYVQALFDFDPQEDGELGFRRGDFIHVMDNSDPNWWKGNCHGQTGMFPRNYVTPVN,-0.185537339,-0.451287767,2.88237,-4.273285866
TYVQALFDFDPQEDGELGFRRGDFIHVMDNSDPNWWKGTCHGQTGMFPRNYVTPVN,-0.165390119,-0.856108947,1.35097,-2.047060966
TYVQALFDFDPQEDGELGFRRGDFIHVMDNSDPNWWKGSCHGQTGMFPRNYVTPVN,0.06010387,-0.959418039,1.14321,-2.041008949
TYVQALFDFDPQEDGELGFRRGDFIHVMDNSDPNWWKGICHGQTGMFPRNYVTPVN,-0.25085537,-0.219030322,0.0957737,-3.926593781
TYVQALFDFDPQEDGELGFRRGDFIHVMDNSDPNWWKGPCHGQTGMFPRNYVTPVN,-1.147486504,2.351348934,14.1174,-10.82752037
TYVQALFDFDPQEDGELGFRRGDFIHVMDNSDPNWWKGDCHGQTGMFPRNYVTPVN,-0.211679526,-0.286410695,6.38266,-4.375182152
TYVQALFDFDPQEDGELGFRRGDFIHVMDNSDPNWWKGECHGQTGMFPRNYVTPVN,0.166016645,-1.316192284,1.30478,-2.195444107
TYVQALFDFDPQEDGELGFRRGDFIHVMDNSDPNWWKGGCHGQTGMFPRNYVTPVN,-0.218198983,-0.287871993,4.02766,-5.75017643
TYVQALFDFDPQEDGELGFRRGDFIHVMDNSDPNWWKGVCHGQTGMFPRNYVTPVN,-0.03298631,-0.69239935,0.478781,-3.03728199
TYVQALFDFDPQEDGELGFRRGDFIHVMDNSDPNWWKGYCHGQTGMFPRNYVTPVN,-0.034485821,-0.440691999,6.02038,-4.839421749
TYVQALFDFDPQEDGELGFRRGDFIHVMDNSDPNWWKGCCHGQTGMFPRNYVTPVN,0.065258407,-0.694061279,0.294866,-5.009780884
TYVQALFDFDPQEDGELGFRRGDFIHVMDNSDPNWWKGFCHGQTGMFPRNYVTPVN,-0.221588435,-0.160340524,1.6364,-5.186507702
TYVQALFDFDPQEDGELGFRRGDFIHVMDNSDPNWWKGANHGQTGMFPRNYVTPVN,-0.758364667,0.745407449,4.94769,-5.775389194
TYVQALFDFDPQEDGELGFRRGDFIHVMDNSDPNWWKGASHGQTGMFPRNYVTPVN,-0.279266222,0.190058556,3.15251,-4.535509586
TYVQALFDFDPQEDGELGFRRGDFIHVMDNSDPNWWKGARHGQTGMFPRNYVTPVN,-0.418784036,0.227909505,5.27475,-3.295078516
TYVQALFDFDPQEDGELGFRRGDFIHVMDNSDPNWWKGAIHGQTGMFPRNYVTPVN,-0.141143888,-0.235773445,3.81618,-2.296718121
TYVQALFDFDPQEDGELGFRRGDFIHVMDNSDPNWWKGAHHGQTGMFPRNYVTPVN,-0.338427173,0.165313337,7.38562,-2.78630209
TYVQALFDFDPQEDGELGFRRGDFIHVMDNSDPNWWKGALHGQTGMFPRNYVTPVN,-0.049002283,-0.503867644,3.88144,-0.927058399
TYVQALFDFDPQEDGELGFRRGDFIHVMDNSDPNWWKGAGHGQTGMFPRNYVTPVN,-0.936463628,1.178913947,6.73955,-6.663906097
TYVQALFDFDPQEDGELGFRRGDFIHVMDNSDPNWWKGAYHGQTGMFPRNYVTPVN,-0.618484018,0.6794439,5.80669,-3.645541191
TYVQALFDFDPQEDGELGFRRGDFIHVMDNSDPNWWKGAWHGQTGMFPRNYVTPVN,-1.046065284,1.212009541,7.91565,-6.202643394
TYVQALFDFDPQEDGELGFRRGDFIHVMDNSDPNWWKGAFHGQTGMFPRNYVTPVN,-0.644141061,0.426179632,4.28333,-3.203094006
TYVQALFDFDPQEDGELGFRRGDFIHVMDNSDPNWWKGACNGQTGMFPRNYVTPVN,0.102372074,-1.000503344,2.07702,-2.589524508
TYVQALFDFDPQEDGELGFRRGDFIHVMDNSDPNWWKGACKGQTGMFPRNYVTPVN,0.058734843,-0.798149017,2.42452,-3.740475655
TYVQALFDFDPQEDGELGFRRGDFIHVMDNSDPNWWKGACTGQTGMFPRNYVTPVN,-1.043526951,1.123271108,9.57803,-6.926521301
TYVQALFDFDPQEDGELGFRRGDFIHVMDNSDPNWWKGACSGQTGMFPRNYVTPVN,-0.335660608,0.073284057,4.8653,-5.001874447
TYVQALFDFDPQEDGELGFRRGDFIHVMDNSDPNWWKGACRGQTGMFPRNYVTPVN,-0.030513241,-0.828246347,3.6775,-2.293083668
TYVQALFDFDPQEDGELGFRRGDFIHVMDNSDPNWWKGACIGQTGMFPRNYVTPVN,-1.099218875,1.336875848,18.564,-9.453378677
TYVQALFDFDPQEDGELGFRRGDFIHVMDNSDPNWWKGACQGQTGMFPRNYVTPVN,-0.079713543,-0.383712019,4.78213,-4.489669323
TYVQALFDFDPQEDGELGFRRGDFIHVMDNSDPNWWKGACPGQTGMFPRNYVTPVN,-1.06802295,1.801477111,63.809,-10.51374245
TYVQALFDFDPQEDGELGFRRGDFIHVMDNSDPNWWKGACLGQTGMFPRNYVTPVN,-0.590313451,0.583508701,1.60726,-5.973809719
TYVQALFDFDPQEDGELGFRRGDFIHVMDNSDPNWWKGACDGQTGMFPRNYVTPVN,-0.174586363,-0.248328536,3.88743,-4.870931149
TYVQALFDFDPQEDGELGFRRGDFIHVMDNSDPNWWKGACEGQTGMFPRNYVTPVN,-0.4296803,0.167815208,4.87739,-5.887635231
TYVQALFDFDPQEDGELGFRRGDFIHVMDNSDPNWWKGACGGQTGMFPRNYVTPVN,-0.162110883,-0.383055712,4.47709,-3.981016874
TYVQALFDFDPQEDGELGFRRGDFIHVMDNSDPNWWKGACVGQTGMFPRNYVTPVN,-1.055066929,1.380328758,17.8923,-8.39351368
TYVQALFDFDPQEDGELGFRRGDFIHVMDNSDPNWWKGACYGQTGMFPRNYVTPVN,-0.395630564,0.412971852,1.01854,-5.126721859
TYVQALFDFDPQEDGELGFRRGDFIHVMDNSDPNWWKGACCGQTGMFPRNYVTPVN,-0.595597929,0.382471352,6.44467,-5.779659748
TYVQALFDFDPQEDGELGFRRGDFIHVMDNSDPNWWKGACFGQTGMFPRNYVTPVN,-0.715726372,0.954315813,-0.212679,-6.044201851
TYVQALFDFDPQEDGELGFRRGDFIHVMDNSDPNWWKGACHKQTGMFPRNYVTPVN,-0.454717755,0.048701684,4.20801,-8.371368408
TYVQALFDFDPQEDGELGFRRGDFIHVMDNSDPNWWKGACHTQTGMFPRNYVTPVN,-0.992815566,1.31143251,7.68387,-8.387134552
TYVQALFDFDPQEDGELGFRRGDFIHVMDNSDPNWWKGACHSQTGMFPRNYVTPVN,-0.546452975,0.303433265,4.94275,-6.651268959
TYVQALFDFDPQEDGELGFRRGDFIHVMDNSDPNWWKGACHRQTGMFPRNYVTPVN,-0.690130843,0.417186972,5.57997,-7.681315899
TYVQALFDFDPQEDGELGFRRGDFIHVMDNSDPNWWKGACHMQTGMFPRNYVTPVN,-0.694766619,0.613687821,7.12506,-9.763925552
TYVQALFDFDPQEDGELGFRRGDFIHVMDNSDPNWWKGACHQQTGMFPRNYVTPVN,-0.435900901,0.181032759,4.8791,-7.293536663
TYVQALFDFDPQEDGELGFRRGDFIHVMDNSDPNWWKGACHLQTGMFPRNYVTPVN,-0.99676108,1.090654634,5.78444,-9.439727783
TYVQALFDFDPQEDGELGFRRGDFIHVMDNSDPNWWKGACHDQTGMFPRNYVTPVN,-0.250467244,-0.006060438,3.58833,-6.085014343
TYVQALFDFDPQEDGELGFRRGDFIHVMDNSDPNWWKGACHEQTGMFPRNYVTPVN,-0.311481455,-0.087766062,5.44148,-7.075755119
TYVQALFDFDPQEDGELGFRRGDFIHVMDNSDPNWWKGACHAQTGMFPRNYVTPVN,-0.77852023,0.645001616,5.40185,-7.932385921
TYVQALFDFDPQEDGELGFRRGDFIHVMDNSDPNWWKGACHVQTGMFPRNYVTPVN,-1.036644469,1.067299544,19.4678,-10.01277447
TYVQALFDFDPQEDGELGFRRGDFIHVMDNSDPNWWKGACHCQTGMFPRNYVTPVN,-0.934768809,1.116629954,7.29732,-9.891096115
TYVQALFDFDPQEDGELGFRRGDFIHVMDNSDPNWWKGACHWQTGMFPRNYVTPVN,-0.928669941,0.892249887,8.44355,-11.73002148
TYVQALFDFDPQEDGELGFRRGDFIHVMDNSDPNWWKGACHFQTGMFPRNYVTPVN,-0.956478727,1.256580478,4.94792,-10.24061203
TYVQALFDFDPQEDGELGFRRGDFIHVMDNSDPNWWKGACHGNTGMFPRNYVTPVN,-0.002364582,-0.769982014,0.607972,-4.425668716
TYVQALFDFDPQEDGELGFRRGDFIHVMDNSDPNWWKGACHGKTGMFPRNYVTPVN,0.117274972,-1.266367642,-0.0465239,-2.914413929
TYVQALFDFDPQEDGELGFRRGDFIHVMDNSDPNWWKGACHGRTGMFPRNYVTPVN,0.084487502,-1.180986241,0.585211,-2.087440729
TYVQALFDFDPQEDGELGFRRGDFIHVMDNSDPNWWKGACHGMTGMFPRNYVTPVN,-0.073132215,-0.614169831,0.229616,-5.414196014
TYVQALFDFDPQEDGELGFRRGDFIHVMDNSDPNWWKGACHGHTGMFPRNYVTPVN,-0.001780181,-0.714480359,0.500654,-4.489141464
TYVQALFDFDPQEDGELGFRRGDFIHVMDNSDPNWWKGACHGPTGMFPRNYVTPVN,-1.052211368,1.462550784,13.1147,-10.09157658
TYVQALFDFDPQEDGELGFRRGDFIHVMDNSDPNWWKGACHGLTGMFPRNYVTPVN,-0.09349455,-0.527426689,-0.862302,-4.496758461
TYVQALFDFDPQEDGELGFRRGDFIHVMDNSDPNWWKGACHGETGMFPRNYVTPVN,-0.00683286,-0.726762584,0.498536,-5.361810207
TYVQALFDFDPQEDGELGFRRGDFIHVMDNSDPNWWKGACHGDTGMFPRNYVTPVN,-0.149818785,-0.339160227,2.16174,-6.365097046
TYVQALFDFDPQEDGELGFRRGDFIHVMDNSDPNWWKGACHGVTGMFPRNYVTPVN,0.008848717,-0.810382174,0.00398936,-3.842015505
TYVQALFDFDPQEDGELGFRRGDFIHVMDNSDPNWWKGACHGYTGMFPRNYVTPVN,-0.186809102,-0.395124085,-0.729984,-5.846030235
TYVQALFDFDPQEDGELGFRRGDFIHVMDNSDPNWWKGACHGWTGMFPRNYVTPVN,-0.550665088,0.252418168,1.55835,-7.856274128
TYVQALFDFDPQEDGELGFRRGDFIHVMDNSDPNWWKGACHGQNGMFPRNYVTPVN,-0.3425185,-0.068003633,2.37648,-5.720210552
TYVQALFDFDPQEDGELGFRRGDFIHVMDNSDPNWWKGACHGQKGMFPRNYVTPVN,-0.053058783,-0.693071973,1.4914,-5.466676235
TYVQALFDFDPQEDGELGFRRGDFIHVMDNSDPNWWKGACHGQSGMFPRNYVTPVN,-0.121262903,-0.603628345,1.20103,-4.202280045
TYVQALFDFDPQEDGELGFRRGDFIHVMDNSDPNWWKGACHGQRGMFPRNYVTPVN,-0.241273289,-0.275876391,1.76587,-5.289959908
TYVQALFDFDPQEDGELGFRRGDFIHVMDNSDPNWWKGACHGQIGMFPRNYVTPVN,0.004865987,-0.927922964,0.235272,-4.21373558
TYVQALFDFDPQEDGELGFRRGDFIHVMDNSDPNWWKGACHGQMGMFPRNYVTPVN,-0.010255418,-0.735839195,1.90853,-5.707052231
TYVQALFDFDPQEDGELGFRRGDFIHVMDNSDPNWWKGACHGQPGMFPRNYVTPVN,-1.018246778,1.228457486,0.885877,-7.234383583
TYVQALFDFDPQEDGELGFRRGDFIHVMDNSDPNWWKGACHGQDGMFPRNYVTPVN,-0.582572607,0.446597983,3.79677,-5.951435089
TYVQALFDFDPQEDGELGFRRGDFIHVMDNSDPNWWKGACHGQAGMFPRNYVTPVN,-0.213790866,-0.374411983,1.08182,-5.32941103
TYVQALFDFDPQEDGELGFRRGDFIHVMDNSDPNWWKGACHGQGGMFPRNYVTPVN,-0.95400128,0.857896406,4.08641,-7.517772675
TYVQALFDFDPQEDGELGFRRGDFIHVMDNSDPNWWKGACHGQVGMFPRNYVTPVN,0.116462445,-1.220089681,0.128688,-3.700585365
TYVQALFDFDPQEDGELGFRRGDFIHVMDNSDPNWWKGACHGQYGMFPRNYVTPVN,-0.101409973,-0.50738182,-1.0318,-6.455934525
TYVQALFDFDPQEDGELGFRRGDFIHVMDNSDPNWWKGACHGQCGMFPRNYVTPVN,-0.045419531,-0.668970267,1.43767,-7.155872345
TYVQALFDFDPQEDGELGFRRGDFIHVMDNSDPNWWKGACHGQFGMFPRNYVTPVN,-0.21011806,-0.255516434,-0.471884,-6.35651207
TYVQALFDFDPQEDGELGFRRGDFIHVMDNSDPNWWKGACHGQTNMFPRNYVTPVN,-1.114850829,1.332985993,18.9527,-10.3841486
TYVQALFDFDPQEDGELGFRRGDFIHVMDNSDPNWWKGACHGQTTMFPRNYVTPVN,-1.105774078,1.437513355,17.2912,-12.82104206
TYVQALFDFDPQEDGELGFRRGDFIHVMDNSDPNWWKGACHGQTSMFPRNYVTPVN,-0.998391543,1.079236968,15.6171,-9.310379982
TYVQALFDFDPQEDGELGFRRGDFIHVMDNSDPNWWKGACHGQTRMFPRNYVTPVN,-1.021470315,1.201139751,12.7938,-7.087513447
TYVQALFDFDPQEDGELGFRRGDFIHVMDNSDPNWWKGACHGQTIMFPRNYVTPVN,-0.975615366,1.082911407,21.5123,-14.90872574
TYVQALFDFDPQEDGELGFRRGDFIHVMDNSDPNWWKGACHGQTHMFPRNYVTPVN,-1.039138346,1.40159849,29.291,-10.0487957
TYVQALFDFDPQEDGELGFRRGDFIHVMDNSDPNWWKGACHGQTPMFPRNYVTPVN,-1.145965941,1.641261273,31.3379,-14.02999306
TYVQALFDFDPQEDGELGFRRGDFIHVMDNSDPNWWKGACHGQTLMFPRNYVTPVN,-1.017996042,1.096310937,24.0219,-11.53106499
TYVQALFDFDPQEDGELGFRRGDFIHVMDNSDPNWWKGACHGQTDMFPRNYVTPVN,-0.884944407,0.757043422,22.523,-10.64915848
TYVQALFDFDPQEDGELGFRRGDFIHVMDNSDPNWWKGACHGQTEMFPRNYVTPVN,-1.058679271,1.262395484,15.576,-12.45113373
TYVQALFDFDPQEDGELGFRRGDFIHVMDNSDPNWWKGACHGQTAMFPRNYVTPVN,-0.942820893,1.026561207,6.82524,-9.184491158
TYVQALFDFDPQEDGELGFRRGDFIHVMDNSDPNWWKGACHGQTVMFPRNYVTPVN,-0.91257248,0.915650613,21.3461,-12.68845749
TYVQALFDFDPQEDGELGFRRGDFIHVMDNSDPNWWKGACHGQTYMFPRNYVTPVN,-0.999991644,1.270370625,62.0675,-11.79181004
TYVQALFDFDPQEDGELGFRRGDFIHVMDNSDPNWWKGACHGQTCMFPRNYVTPVN,-0.940691118,0.717090413,17.5185,-10.22825623
TYVQALFDFDPQEDGELGFRRGDFIHVMDNSDPNWWKGACHGQTWMFPRNYVTPVN,-1.057805133,1.283794538,28.0477,-11.52556038
TYVQALFDFDPQEDGELGFRRGDFIHVMDNSDPNWWKGACHGQTFMFPRNYVTPVN,-0.863468389,0.78372514,34.1164,-11.0071249
TYVQALFDFDPQEDGELGFRRGDFIHVMDNSDPNWWKGACHGQTGNFPRNYVTPVN,-0.203248122,-0.171794211,2.29787,-5.176324368
TYVQALFDFDPQEDGELGFRRGDFIHVMDNSDPNWWKGACHGQTGKFPRNYVTPVN,0.175371107,-1.140564768,1.86432,-7.04090023
TYVQALFDFDPQEDGELGFRRGDFIHVMDNSDPNWWKGACHGQTGTFPRNYVTPVN,-0.041341382,-0.57837397,2.11867,-4.903694153
TYVQALFDFDPQEDGELGFRRGDFIHVMDNSDPNWWKGACHGQTGSFPRNYVTPVN,-0.082435535,-0.493694216,3.65204,-3.858780384
TYVQALFDFDPQEDGELGFRRGDFIHVMDNSDPNWWKGACHGQTGRFPRNYVTPVN,0.136496811,-1.322731629,0.309053,-6.821829796
TYVQALFDFDPQEDGELGFRRGDFIHVMDNSDPNWWKGACHGQTGIFPRNYVTPVN,0.050730565,-0.937584056,-1.23593,-2.145685673
TYVQALFDFDPQEDGELGFRRGDFIHVMDNSDPNWWKGACHGQTGLFPRNYVTPVN,-0.003934433,-0.798068942,-0.432398,-1.536823869
TYVQALFDFDPQEDGELGFRRGDFIHVMDNSDPNWWKGACHGQTGEFPRNYVTPVN,-0.389012593,-0.045446785,2.68668,-6.311992645
TYVQALFDFDPQEDGELGFRRGDFIHVMDNSDPNWWKGACHGQTGAFPRNYVTPVN,-0.201982292,-0.281413083,2.27977,-4.619882584
TYVQALFDFDPQEDGELGFRRGDFIHVMDNSDPNWWKGACHGQTGVFPRNYVTPVN,0.051809511,-0.947790917,-1.11851,-3.455584049
TYVQALFDFDPQEDGELGFRRGDFIHVMDNSDPNWWKGACHGQTGWFPRNYVTPVN,0.079130372,-1.269182337,-3.43841,-5.729641914
TYVQALFDFDPQEDGELGFRRGDFIHVMDNSDPNWWKGACHGQTGFFPRNYVTPVN,-0.027267694,-0.747731345,-0.999166,-0.962289333
TYVQALFDFDPQEDGELGFRRGDFIHVMDNSDPNWWKGACHGQTGMNPRNYVTPVN,-1.142864249,1.967114869,15.4877,-14.22622681
TYVQALFDFDPQEDGELGFRRGDFIHVMDNSDPNWWKGACHGQTGMTPRNYVTPVN,-1.098034669,1.682094495,15.1753,-12.61567688
TYVQALFDFDPQEDGELGFRRGDFIHVMDNSDPNWWKGACHGQTGMSPRNYVTPVN,-0.989604916,1.426525501,17.07,-12.10916328
TYVQALFDFDPQEDGELGFRRGDFIHVMDNSDPNWWKGACHGQTGMIPRNYVTPVN,-0.641768599,0.732148742,25.2919,-7.402780533
TYVQALFDFDPQEDGELGFRRGDFIHVMDNSDPNWWKGACHGQTGMHPRNYVTPVN,-1.196571784,2.420077389,10.6508,-12.96077919
TYVQALFDFDPQEDGELGFRRGDFIHVMDNSDPNWWKGACHGQTGMPPRNYVTPVN,-1.049702183,1.598408618,31.6455,-15.98173046
TYVQALFDFDPQEDGELGFRRGDFIHVMDNSDPNWWKGACHGQTGMLPRNYVTPVN,-0.980553166,0.965922526,6.35442,-6.590394497
TYVQALFDFDPQEDGELGFRRGDFIHVMDNSDPNWWKGACHGQTGMDPRNYVTPVN,-1.142505242,1.447942617,20.9005,-15.63729095
TYVQALFDFDPQEDGELGFRRGDFIHVMDNSDPNWWKGACHGQTGMVPRNYVTPVN,-0.909864035,0.852243294,11.6514,-8.97734642
TYVQALFDFDPQEDGELGFRRGDFIHVMDNSDPNWWKGACHGQTGMYPRNYVTPVN,-1.049028655,1.496555189,1.17136,-7.950522423
TYVQALFDFDPQEDGELGFRRGDFIHVMDNSDPNWWKGACHGQTGMCPRNYVTPVN,-1.057739686,1.537853202,16.0825,-9.358854294
TYVQALFDFDPQEDGELGFRRGDFIHVMDNSDPNWWKGACHGQTGMFNRNYVTPVN,-0.007361299,-0.49142854,3.00441,-12.93521023
TYVQALFDFDPQEDGELGFRRGDFIHVMDNSDPNWWKGACHGQTGMFTRNYVTPVN,-0.835382502,1.172148648,6.05501,-11.57985401
TYVQALFDFDPQEDGELGFRRGDFIHVMDNSDPNWWKGACHGQTGMFSRNYVTPVN,-0.468136691,0.314462842,3.42433,-9.070048332
TYVQALFDFDPQEDGELGFRRGDFIHVMDNSDPNWWKGACHGQTGMFRRNYVTPVN,-0.073917426,-0.321241146,3.37258,-11.91743469
TYVQALFDFDPQEDGELGFRRGDFIHVMDNSDPNWWKGACHGQTGMFIRNYVTPVN,-0.994633269,1.161426423,2.2356,-11.7055788
TYVQALFDFDPQEDGELGFRRGDFIHVMDNSDPNWWKGACHGQTGMFHRNYVTPVN,0.108025111,-0.847884373,3.98735,-10.84232998
TYVQALFDFDPQEDGELGFRRGDFIHVMDNSDPNWWKGACHGQTGMFQRNYVTPVN,-0.27108236,0.04622572,3.9579,-11.5980835
TYVQALFDFDPQEDGELGFRRGDFIHVMDNSDPNWWKGACHGQTGMFLRNYVTPVN,-0.401893762,0.206617269,0.105063,-9.632036209
TYVQALFDFDPQEDGELGFRRGDFIHVMDNSDPNWWKGACHGQTGMFARNYVTPVN,-0.736923081,0.590097024,1.47704,-8.434700012
TYVQALFDFDPQEDGELGFRRGDFIHVMDNSDPNWWKGACHGQTGMFYRNYVTPVN,-0.6954721,0.404709679,2.8418,-12.87732315
TYVQALFDFDPQEDGELGFRRGDFIHVMDNSDPNWWKGACHGQTGMFFRNYVTPVN,-0.795380432,0.901725123,3.60509,-11.40084839
TYVQALFDFDPQEDGELGFRRGDFIHVMDNSDPNWWKGACHGQTGMFPNNYVTPVN,-0.204837476,-0.014302793,3.07365,-3.272882938
TYVQALFDFDPQEDGELGFRRGDFIHVMDNSDPNWWKGACHGQTGMFPTNYVTPVN,0.050971495,-0.665800777,3.79424,-3.364800453
TYVQALFDFDPQEDGELGFRRGDFIHVMDNSDPNWWKGACHGQTGMFPSNYVTPVN,0.240049554,-1.362838405,1.84121,-0.368724823
TYVQALFDFDPQEDGELGFRRGDFIHVMDNSDPNWWKGACHGQTGMFPINYVTPVN,-0.466092987,0.293064679,3.88871,-4.693779469
TYVQALFDFDPQEDGELGFRRGDFIHVMDNSDPNWWKGACHGQTGMFPHNYVTPVN,-0.494269475,0.249475336,2.88736,-4.022061348
TYVQALFDFDPQEDGELGFRRGDFIHVMDNSDPNWWKGACHGQTGMFPQNYVTPVN,-0.193227178,-0.18630234,1.95293,-3.653269768
TYVQALFDFDPQEDGELGFRRGDFIHVMDNSDPNWWKGACHGQTGMFPPNYVTPVN,0.099780462,-0.622277245,5.36333,-4.720217705
TYVQALFDFDPQEDGELGFRRGDFIHVMDNSDPNWWKGACHGQTGMFPLNYVTPVN,-0.611148082,0.402446893,0.679381,-5.609185696
TYVQALFDFDPQEDGELGFRRGDFIHVMDNSDPNWWKGACHGQTGMFPDNYVTPVN,-1.083009595,1.592058621,7.2556,-5.315922737
TYVQALFDFDPQEDGELGFRRGDFIHVMDNSDPNWWKGACHGQTGMFPANYVTPVN,0.268048083,-1.471683146,-1.94306,-1.139783859
TYVQALFDFDPQEDGELGFRRGDFIHVMDNSDPNWWKGACHGQTGMFPGNYVTPVN,-0.260280291,-0.293912802,4.871,-2.960847378
TYVQALFDFDPQEDGELGFRRGDFIHVMDNSDPNWWKGACHGQTGMFPYNYVTPVN,-0.573139799,0.242861184,0.870511,-4.536679268
TYVQALFDFDPQEDGELGFRRGDFIHVMDNSDPNWWKGACHGQTGMFPCNYVTPVN,0.082228024,-0.834405672,3.03398,-3.412762165
TYVQALFDFDPQEDGELGFRRGDFIHVMDNSDPNWWKGACHGQTGMFPWNYVTPVN,-0.818302149,0.660258444,-0.663026,-7.449991226
TYVQALFDFDPQEDGELGFRRGDFIHVMDNSDPNWWKGACHGQTGMFPFNYVTPVN,-0.604683151,0.384929386,0.715297,-5.420596123
TYVQALFDFDPQEDGELGFRRGDFIHVMDNSDPNWWKGACHGQTGMFPRKYVTPVN,0.20124839,-1.417342626,0.565474,-7.216220856
TYVQALFDFDPQEDGELGFRRGDFIHVMDNSDPNWWKGACHGQTGMFPRTYVTPVN,0.153039169,-1.106468067,0.84534,-3.803926468
TYVQALFDFDPQEDGELGFRRGDFIHVMDNSDPNWWKGACHGQTGMFPRSYVTPVN,0.202751151,-1.380984342,0.266319,-4.167218208
TYVQALFDFDPQEDGELGFRRGDFIHVMDNSDPNWWKGACHGQTGMFPRRYVTPVN,0.18680611,-1.274817989,1.22121,-7.984810352
TYVQALFDFDPQEDGELGFRRGDFIHVMDNSDPNWWKGACHGQTGMFPRIYVTPVN,-0.038544388,-0.577777472,0.820796,-8.182141304
TYVQALFDFDPQEDGELGFRRGDFIHVMDNSDPNWWKGACHGQTGMFPRMYVTPVN,0.010785169,-0.731504837,1.44061,-9.816087723
TYVQALFDFDPQEDGELGFRRGDFIHVMDNSDPNWWKGACHGQTGMFPRHYVTPVN,0.119590912,-1.066881774,0.941698,-9.273115158
TYVQALFDFDPQEDGELGFRRGDFIHVMDNSDPNWWKGACHGQTGMFPRQYVTPVN,0.175674664,-1.068086919,0.29445,-7.525437832
TYVQALFDFDPQEDGELGFRRGDFIHVMDNSDPNWWKGACHGQTGMFPRLYVTPVN,-0.03247845,-0.737189437,0.376585,-9.953474045
TYVQALFDFDPQEDGELGFRRGDFIHVMDNSDPNWWKGACHGQTGMFPRDYVTPVN,0.037710253,-0.886692442,0.240396,-7.189725399
TYVQALFDFDPQEDGELGFRRGDFIHVMDNSDPNWWKGACHGQTGMFPREYVTPVN,0.208047046,-1.418395992,-0.054986,-7.948301315
TYVQALFDFDPQEDGELGFRRGDFIHVMDNSDPNWWKGACHGQTGMFPRGYVTPVN,0.082048098,-1.187826015,2.35687,-6.881360531
TYVQALFDFDPQEDGELGFRRGDFIHVMDNSDPNWWKGACHGQTGMFPRVYVTPVN,0.100541105,-0.993218406,0.000503931,-7.176417351
TYVQALFDFDPQEDGELGFRRGDFIHVMDNSDPNWWKGACHGQTGMFPRYYVTPVN,-0.017325352,-0.558615411,0.541085,-10.4804306
TYVQALFDFDPQEDGELGFRRGDFIHVMDNSDPNWWKGACHGQTGMFPRCYVTPVN,0.1194028,-1.123120111,1.62017,-5.540212631
TYVQALFDFDPQEDGELGFRRGDFIHVMDNSDPNWWKGACHGQTGMFPRFYVTPVN,-0.184383476,-0.309862994,1.26818,-11.63807106
TYVQALFDFDPQEDGELGFRRGDFIHVMDNSDPNWWKGACHGQTGMFPRNNVTPVN,-0.610172331,0.470499232,3.35017,-10.58584118
TYVQALFDFDPQEDGELGFRRGDFIHVMDNSDPNWWKGACHGQTGMFPRNKVTPVN,0.097285994,-0.900341466,2.83975,-12.53321457
TYVQALFDFDPQEDGELGFRRGDFIHVMDNSDPNWWKGACHGQTGMFPRNTVTPVN,-0.318704124,0.073375137,2.06586,-12.45283985
TYVQALFDFDPQEDGELGFRRGDFIHVMDNSDPNWWKGACHGQTGMFPRNSVTPVN,-0.212321899,-0.172256847,2.78588,-11.18597794
TYVQALFDFDPQEDGELGFRRGDFIHVMDNSDPNWWKGACHGQTGMFPRNRVTPVN,0.071345786,-0.82440592,3.16789,-8.318404198
TYVQALFDFDPQEDGELGFRRGDFIHVMDNSDPNWWKGACHGQTGMFPRNIVTPVN,-0.082604349,-0.409413882,0.995408,-12.59033585
TYVQALFDFDPQEDGELGFRRGDFIHVMDNSDPNWWKGACHGQTGMFPRNHVTPVN,0.053996617,-0.540796417,2.88439,-7.24669075
TYVQALFDFDPQEDGELGFRRGDFIHVMDNSDPNWWKGACHGQTGMFPRNQVTPVN,-0.418071502,0.371576913,2.4453,-12.86204338
TYVQALFDFDPQEDGELGFRRGDFIHVMDNSDPNWWKGACHGQTGMFPRNLVTPVN,0.125218008,-1.132226765,-0.271257,-9.062397003
TYVQALFDFDPQEDGELGFRRGDFIHVMDNSDPNWWKGACHGQTGMFPRNDVTPVN,-1.029630622,1.435163872,4.27038,-14.50310135
TYVQALFDFDPQEDGELGFRRGDFIHVMDNSDPNWWKGACHGQTGMFPRNVVTPVN,-0.082658627,-0.52727391,2.58023,-12.60324764
TYVQALFDFDPQEDGELGFRRGDFIHVMDNSDPNWWKGACHGQTGMFPRNCVTPVN,-0.076865543,-0.590465636,3.00953,-10.79270077
TYVQALFDFDPQEDGELGFRRGDFIHVMDNSDPNWWKGACHGQTGMFPRNWVTPVN,-0.131413669,-0.455547409,1.70312,-10.32420444
TYVQALFDFDPQEDGELGFRRGDFIHVMDNSDPNWWKGACHGQTGMFPRNFVTPVN,-0.059411722,-0.707194578,0.384976,-4.461290359
TYVQALFDFDPQEDGELGFRRGDFIHVMDNSDPNWWKGACHGQTGMFPRNYNTPVN,-1.064285632,1.178105078,10.4288,-10.41787815
TYVQALFDFDPQEDGELGFRRGDFIHVMDNSDPNWWKGACHGQTGMFPRNYTTPVN,0.049468095,-0.604264423,4.29765,-5.139428139
TYVQALFDFDPQEDGELGFRRGDFIHVMDNSDPNWWKGACHGQTGMFPRNYSTPVN,-0.959509227,1.238075953,8.81804,-6.958097458
TYVQALFDFDPQEDGELGFRRGDFIHVMDNSDPNWWKGACHGQTGMFPRNYITPVN,-0.388658108,0.060055898,4.36867,-6.001862049
TYVQALFDFDPQEDGELGFRRGDFIHVMDNSDPNWWKGACHGQTGMFPRNYMTPVN,-1.071177262,1.382030785,7.78747,-10.68546295
TYVQALFDFDPQEDGELGFRRGDFIHVMDNSDPNWWKGACHGQTGMFPRNYPTPVN,-1.11771067,2.174836992,25.322,-12.07782364
TYVQALFDFDPQEDGELGFRRGDFIHVMDNSDPNWWKGACHGQTGMFPRNYLTPVN,-0.825686248,1.325848379,13.7731,-8.379751205
TYVQALFDFDPQEDGELGFRRGDFIHVMDNSDPNWWKGACHGQTGMFPRNYDTPVN,-0.552809333,0.872341836,14.4609,-11.51915359
TYVQALFDFDPQEDGELGFRRGDFIHVMDNSDPNWWKGACHGQTGMFPRNYETPVN,-1.015442242,1.699811946,16.5176,-12.79210472
TYVQALFDFDPQEDGELGFRRGDFIHVMDNSDPNWWKGACHGQTGMFPRNYATPVN,-0.329278397,0.084987509,5.60212,-5.066607475
TYVQALFDFDPQEDGELGFRRGDFIHVMDNSDPNWWKGACHGQTGMFPRNYGTPVN,-0.962079806,1.242748729,12.3839,-8.162286758
TYVQALFDFDPQEDGELGFRRGDFIHVMDNSDPNWWKGACHGQTGMFPRNYYTPVN,-1.131132747,1.410149682,16.7726,-12.97762108
TYVQALFDFDPQEDGELGFRRGDFIHVMDNSDPNWWKGACHGQTGMFPRNYCTPVN,-0.097615095,-0.246343024,5.05055,-7.300656319
TYVQALFDFDPQEDGELGFRRGDFIHVMDNSDPNWWKGACHGQTGMFPRNYFTPVN,-0.702754278,0.800649075,11.0776,-10.75706863
TYVQALFDFDPQEDGELGFRRGDFIHVMDNSDPNWWKGACHGQTGMFPRNYVNPVN,-0.066494086,-0.347151004,5.44657,-4.529091835
TYVQALFDFDPQEDGELGFRRGDFIHVMDNSDPNWWKGACHGQTGMFPRNYVKPVN,0.294185682,-1.423395867,0.316747,-3.349240303
TYVQALFDFDPQEDGELGFRRGDFIHVMDNSDPNWWKGACHGQTGMFPRNYVSPVN,-0.000601196,-0.529116554,2.26939,-4.34855938
TYVQALFDFDPQEDGELGFRRGDFIHVMDNSDPNWWKGACHGQTGMFPRNYVRPVN,0.103572161,-1.124024286,-0.416909,-3.526926517
TYVQALFDFDPQEDGELGFRRGDFIHVMDNSDPNWWKGACHGQTGMFPRNYVIPVN,-0.005027225,-0.766819809,-0.933396,-4.666054726
TYVQALFDFDPQEDGELGFRRGDFIHVMDNSDPNWWKGACHGQTGMFPRNYVMPVN,0.091911668,-0.847402182,0.455538,-4.373828888
TYVQALFDFDPQEDGELGFRRGDFIHVMDNSDPNWWKGACHGQTGMFPRNYVPPVN,-0.939775388,1.408870905,21.6551,-9.817012787
TYVQALFDFDPQEDGELGFRRGDFIHVMDNSDPNWWKGACHGQTGMFPRNYVDPVN,-0.431019803,0.203340985,6.38665,-5.071157932
TYVQALFDFDPQEDGELGFRRGDFIHVMDNSDPNWWKGACHGQTGMFPRNYVAPVN,0.036599582,-0.728028417,2.23835,-3.502959728
TYVQALFDFDPQEDGELGFRRGDFIHVMDNSDPNWWKGACHGQTGMFPRNYVGPVN,0.113605348,-0.878517357,8.11829,-6.160108566
TYVQALFDFDPQEDGELGFRRGDFIHVMDNSDPNWWKGACHGQTGMFPRNYVVPVN,0.083683108,-0.844015228,-1.12562,-3.636045218
TYVQALFDFDPQEDGELGFRRGDFIHVMDNSDPNWWKGACHGQTGMFPRNYVYPVN,-0.105784237,-0.308108991,1.83142,-7.196454048
TYVQALFDFDPQEDGELGFRRGDFIHVMDNSDPNWWKGACHGQTGMFPRNYVFPVN,0.007103895,-0.574691102,0.587097,-7.05619812
TYVQALFDFDPQEDGELGFRRGDFIHVMDNSDPNWWKGACHGQTGMFPRNYVTNVN,0.037224624,-0.995780958,3.42651,-5.142307758
TYVQALFDFDPQEDGELGFRRGDFIHVMDNSDPNWWKGACHGQTGMFPRNYVTTVN,0.04891184,-0.647724798,3.41572,-4.379636765
TYVQALFDFDPQEDGELGFRRGDFIHVMDNSDPNWWKGACHGQTGMFPRNYVTSVN,0.129883964,-0.793761979,3.72912,-4.552966118
TYVQALFDFDPQEDGELGFRRGDFIHVMDNSDPNWWKGACHGQTGMFPRNYVTRVN,-0.143481508,-0.293659949,4.11689,-4.164625168
TYVQALFDFDPQEDGELGFRRGDFIHVMDNSDPNWWKGACHGQTGMFPRNYVTIVN,0.008414651,-0.801816351,2.90652,-4.250813007
TYVQALFDFDPQEDGELGFRRGDFIHVMDNSDPNWWKGACHGQTGMFPRNYVTHVN,-0.057222691,-0.647727989,2.31104,-5.745742798
TYVQALFDFDPQEDGELGFRRGDFIHVMDNSDPNWWKGACHGQTGMFPRNYVTQVN,0.171575153,-0.755636285,3.84731,-4.142158985
TYVQALFDFDPQEDGELGFRRGDFIHVMDNSDPNWWKGACHGQTGMFPRNYVTLVN,-0.010656533,-0.599737466,1.43408,-3.964027643
TYVQALFDFDPQEDGELGFRRGDFIHVMDNSDPNWWKGACHGQTGMFPRNYVTDVN,0.152552805,-1.059060339,3.34553,-4.62512207
TYVQALFDFDPQEDGELGFRRGDFIHVMDNSDPNWWKGACHGQTGMFPRNYVTAVN,-0.01337169,-0.677333255,3.43311,-4.052295208
TYVQALFDFDPQEDGELGFRRGDFIHVMDNSDPNWWKGACHGQTGMFPRNYVTVVN,0.124542081,-0.795720122,1.12365,-3.508312702
TYVQALFDFDPQEDGELGFRRGDFIHVMDNSDPNWWKGACHGQTGMFPRNYVTYVN,-0.180863879,-0.444791288,1.3583,-6.660421371
TYVQALFDFDPQEDGELGFRRGDFIHVMDNSDPNWWKGACHGQTGMFPRNYVTFVN,-0.032491458,-0.564680237,-0.564129,-6.316082001
TYVQALFDFDPQEDGELGFRRGDFIHVMDNSDPNWWKGACHGQTGMFPRNYVTPKN,0.087336672,-0.73445319,4.42644,-7.479624748
TYVQALFDFDPQEDGELGFRRGDFIHVMDNSDPNWWKGACHGQTGMFPRNYVTPTN,-0.081485359,-0.698588055,2.22636,-5.196251869
TYVQALFDFDPQEDGELGFRRGDFIHVMDNSDPNWWKGACHGQTGMFPRNYVTPSN,0.062243379,-0.676386394,5.53621,-5.644690514
TYVQALFDFDPQEDGELGFRRGDFIHVMDNSDPNWWKGACHGQTGMFPRNYVTPRN,-0.083223369,-0.676889837,5.17286,-7.420850754
TYVQALFDFDPQEDGELGFRRGDFIHVMDNSDPNWWKGACHGQTGMFPRNYVTPIN,0.005335307,-0.924239856,0.971487,-3.8442173
TYVQALFDFDPQEDGELGFRRGDFIHVMDNSDPNWWKGACHGQTGMFPRNYVTPMN,0.108631239,-0.929834387,2.58368,-4.784708023
TYVQALFDFDPQEDGELGFRRGDFIHVMDNSDPNWWKGACHGQTGMFPRNYVTPQN,0.040621746,-0.615812615,3.77988,-6.561039925
TYVQALFDFDPQEDGELGFRRGDFIHVMDNSDPNWWKGACHGQTGMFPRNYVTPPN,-0.081156682,-0.670536167,18.4351,-6.730494976
TYVQALFDFDPQEDGELGFRRGDFIHVMDNSDPNWWKGACHGQTGMFPRNYVTPLN,0.057973778,-1.071619271,5.66258,-3.595432758
TYVQALFDFDPQEDGELGFRRGDFIHVMDNSDPNWWKGACHGQTGMFPRNYVTPDN,-0.06738392,-0.709293784,6.13518,-7.696346283
TYVQALFDFDPQEDGELGFRRGDFIHVMDNSDPNWWKGACHGQTGMFPRNYVTPAN,-0.051260779,-0.579637864,4.15688,-3.944281816
TYVQALFDFDPQEDGELGFRRGDFIHVMDNSDPNWWKGACHGQTGMFPRNYVTPGN,-0.070929071,-0.68340191,6.07625,-6.641349792
TYVQALFDFDPQEDGELGFRRGDFIHVMDNSDPNWWKGACHGQTGMFPRNYVTPFN,0.033144555,-0.635267554,2.03821,-5.748136997
TYVQALFDFDPQEDGELGFRRGDFIHVMDNSDPNWWKGACHGQTGMFPRNYVTPVK,0.078846473,-0.684802725,-0.272893,-3.755033255
TYVQALFDFDPQEDGELGFRRGDFIHVMDNSDPNWWKGACHGQTGMFPRNYVTPVT,-0.018748683,-0.73086575,0.760208,-3.048608065
TYVQALFDFDPQEDGELGFRRGDFIHVMDNSDPNWWKGACHGQTGMFPRNYVTPVS,-0.042881008,-0.586655373,-1.09385,-3.005357981
TYVQALFDFDPQEDGELGFRRGDFIHVMDNSDPNWWKGACHGQTGMFPRNYVTPVR,-0.148416285,-0.440958929,-0.406437,-4.056250572
TYVQALFDFDPQEDGELGFRRGDFIHVMDNSDPNWWKGACHGQTGMFPRNYVTPVM,-0.120419638,-0.3616982,1.79627,-5.348747253
TYVQALFDFDPQEDGELGFRRGDFIHVMDNSDPNWWKGACHGQTGMFPRNYVTPVH,-0.046355245,-0.496402064,0.331343,-4.053461075
TYVQALFDFDPQEDGELGFRRGDFIHVMDNSDPNWWKGACHGQTGMFPRNYVTPVQ,-0.072476194,-0.29782541,0.560825,-2.639628887
TYVQALFDFDPQEDGELGFRRGDFIHVMDNSDPNWWKGACHGQTGMFPRNYVTPVD,0.07323405,-0.997613813,0.64205,-3.299414158
TYVQALFDFDPQEDGELGFRRGDFIHVMDNSDPNWWKGACHGQTGMFPRNYVTPVE,0.042133088,-0.96915451,-0.570569,-2.798086882
TYVQALFDFDPQEDGELGFRRGDFIHVMDNSDPNWWKGACHGQTGMFPRNYVTPVG,-0.14396629,-0.335265495,-0.0482721,-3.56332922
TYVQALFDFDPQEDGELGFRRGDFIHVMDNSDPNWWKGACHGQTGMFPRNYVTPVV,-0.037918696,-0.569483539,1.16367,-3.990338564
TYVQALFDFDPQEDGELGFRRGDFIHVMDNSDPNWWKGACHGQTGMFPRNYVTPVY,-0.131146919,-0.504517545,-0.503632,-4.918544769
TYVQALFDFDPQEDGELGFRRGDFIHVMDNSDPNWWKGACHGQTGMFPRNYVTPVC,-0.270526606,-0.28446092,2.46904,-5.85864687
TYVQALFDFDPQEDGELGFRRGDFIHVMDNSDPNWWKGACHGQTGMFPRNYVTPVF,-0.260984618,-0.138553996,0.0641168,-5.847712517
