sequence,Ffb_exp,dGf_exp,dGb_exp,ddGf_rosetta,ddGb_rosetta,ESM-2_zero-shot
TYAQALFDFDPQEDGELGFRRGDFIHVMDNSDPNWWKGACHGQTGMFPRNYVTPVN,-0.03434647,-0.61244589,-0.971124152,4.26624,0.0349145,-3.785092115
TYVQALADFDPQEDGELGFRRGDFIHVMDNSDPNWWKGACHGQTGMFPRNYVTPVN,-0.928709108,-0.793391109,1.407749145,1.22573,4.0482325,-10.0430727
TYVQALFDADPQEDGELGFRRGDFIHVMDNSDPNWWKGACHGQTGMFPRNYVTPVN,-0.888410321,0.602726037,5.586822039,8.00612,0.6416965,-11.01102352
TYVQALFDFDPQEDAELGFRRGDFIHVMDNSDPNWWKGACHGQTGMFPRNYVTPVN,-0.40471002,0.034570927,-0.299377602,5.10724,0.0674925,-7.693414688
TYVQALFDFDPQEDGELAFRRGDFIHVMDNSDPNWWKGACHGQTGMFPRNYVTPVN,-0.105745359,-0.978792362,-0.692619825,-1.60211,0.062466,-4.075871468
TYVQALFDFDPQEDGELGFRRGDAIHVMDNSDPNWWKGACHGQTGMFPRNYVTPVN,-0.013700204,0.24806015,-1.422462673,4.08627,-0.006765,-5.23170948
TYVQALFDFDPQEDGELGFRRGDFIHAMDNSDPNWWKGACHGQTGMFPRNYVTPVN,-0.557518766,1.064240532,-0.641366131,7.68952,0.027447,-7.136319637
TYVQALFDFDPQEDGELGFRRGDFIHVMDNADPNWWKGACHGQTGMFPRNYVTPVN,-0.071719991,-0.15979944,-1.049788961,1.86008,0.054503,-6.041602135
TYVQALFDFDPQEDGELGFRRGDFIHVMDNSDPNWWKGACHAQTGMFPRNYVTPVN,-0.163575646,0.645001616,-1.183453246,5.40185,0.063984,-7.932385921
TYVQALFDFDPQEDGELGFRRGDFIHVMDNSDPNWWKGACHGQTAMFPRNYVTPVN,-0.638772594,1.026561207,-0.320430561,6.82524,-0.270903,-9.184491158
TYVQALFDFDPQEDGELGFRRGDFIHVMDNSDPNWWKGACHGQTGMFPRNYATPVN,-0.110545772,0.084987509,-1.069063883,5.60212,0.004743,-5.066607475
TYVQALFDFDPQEDGELGFRRGDFIHVMDNSDPNWWKGACHGQTGMFPRNYVTPAN,-0.14780447,-0.579637864,-0.673978391,4.15688,0.026716,-3.944281816
TYVQALFDFDPQEDGELGFRRGDFIHVMDNSDPNWWKGACHGQTGMFPRNYVTAVN,-0.039974117,-0.677333255,-0.860549027,3.43311,0,-4.052295208
TYVQALFDFDPQEDGELGFRRGDFIHVMDNSDPNWWKGACHGQTGMFPRNYVAPVN,0.019066661,-0.728028417,-1.090611105,2.23835,-0.0190535,-3.502959728
TYVQALFDFDPQEDGELGFRRGDFIHVMDNSDPNWWKGACHGQTGMFPANYVTPVN,0.106596484,-1.471683146,-1.532714853,-1.94306,-0.0113415,-1.139783859
TYVQALFDFDPQEDGELGFRRGDFIHVMDNSDPNWWKGACHGQTGMFARNYVTPVN,-0.388616686,0.590097024,-0.611118948,1.47704,0.593737,-8.434700012
TYVQALFDFDPQEDGELGFRRGDFIHVMDNSDPNWWKGACHGQTGAFPRNYVTPVN,-0.189385893,-0.281413083,-0.672545666,2.27977,-0.2838645,-4.619882584
TYVQALFDFDPQEDGELGFRRGDFIHVMDNSDPNWWKGACHGQAGMFPRNYVTPVN,-0.107109299,-0.374411983,-0.946304669,1.08182,0.06086,-5.32941103
TYVQALFDFDPQEDGELGFRRGDFIHVMDNSDANWWKGACHGQTGMFPRNYVTPVN,-0.012976906,-0.588514176,-1.028646806,3.95799,-0.0632155,-3.407278538
TYVQALFDFDPQEDGELGFRRGDFIHVADNSDPNWWKGACHGQTGMFPRNYVTPVN,-0.140827658,0.245220806,-1.097688151,2.87453,-0.0216975,-3.837713242
TYVQALFDFDPQEDGELGFRRGDFIAVMDNSDPNWWKGACHGQTGMFPRNYVTPVN,-0.146680116,-0.576477592,-0.756703378,-0.600375,-0.0135425,-3.924454689
TYVQALFDFDPQEDGELGFRRGDFAHVMDNSDPNWWKGACHGQTGMFPRNYVTPVN,-0.531573824,1.581293228,-1.622940918,11.0516,0.0803245,-11.44368362
TYVQALFDFDPQEDGELGFARGDFIHVMDNSDPNWWKGACHGQTGMFPRNYVTPVN,-0.255340894,-0.353679952,-0.057096913,-0.718877,0.067271,-7.397684574
TYVQALFDFDPQEDGEAGFRRGDFIHVMDNSDPNWWKGACHGQTGMFPRNYVTPVN,-0.777217169,1.465326044,-0.721048543,10.4581,0.025975,-12.26634407
TYVQALFDFDPQEAGELGFRRGDFIHVMDNSDPNWWKGACHGQTGMFPRNYVTPVN,-0.930386863,-0.599816065,-0.784836665,0.995855,-0.0072765,-3.0997715
TYVQALFDFDAQEDGELGFRRGDFIHVMDNSDPNWWKGACHGQTGMFPRNYVTPVN,-0.034605566,-0.810988088,-0.931819864,2.57349,-0.0251015,-2.250795364
TYVQALFDFAPQEDGELGFRRGDFIHVMDNSDPNWWKGACHGQTGMFPRNYVTPVN,-0.010215892,-0.499007766,-0.930439097,1.00514,0.0607195,-1.847248316
AYVQALFDFDPQEDGELGFRRGDFIHVMDNSDPNWWKGACHGQTGMFPRNYVTPVN,-0.013506089,-0.584392797,-1.052488542,1.74364,0.013269,-4.10660553
TYVQALCDFDPQEDGELGFRRGDFIHVMDNSDPNWWKGACHGQTGMFPRNYVTPVN,-0.68563634,-0.93508755,0.766836065,1.60332,4.070974,-8.013997078
TYVQALFDCDPQEDGELGFRRGDFIHVMDNSDPNWWKGACHGQTGMFPRNYVTPVN,-0.859317762,-0.061183426,1.640434162,5.07256,0.728867,-8.243538857
TYVQALFDFDPQEDGELGFRRGDCIHVMDNSDPNWWKGACHGQTGMFPRNYVTPVN,-0.021296134,-0.291825908,-1.034604681,4.08514,0.021566,-5.115692616
TYVQALFDFDPQEDGELGFRRGDFIHVMDNSDPNCWKGACHGQTGMFPRNYVTPVN,-0.808793999,0.005980341,0.665743942,4.33969,3.930306,-11.47969913
TYVQALFDFDPQEDGELGFRRGDFIHVMDNSDPNWCKGACHGQTGMFPRNYVTPVN,-0.37655666,0.406870717,-0.647661702,3.97048,0.0203705,-6.419615269
TYVQALFDFDPQEDGELGFRRGDFIHVMDNSDPNWWKGACHGQTGMCPRNYVTPVN,-0.904703392,1.537853202,-0.098382758,16.0825,0.0521555,-9.358854294
TYVQALFDFDPQEDGELGFRRGDFIHVMDNSDPNWWKGACHGQTGMFPRNYVTPVC,-0.074098234,-0.28446092,-0.978986407,2.46904,0.012346,-5.85864687
TYVQALFDFDPQEDGELGFRRGDFIHVMDNSDPNWWKGACHGQTGMFPRNCVTPVN,-0.737609794,-0.590465636,0.614081509,3.00953,3.8763375,-10.79270077
TYVQALFDFDPQEDGELGFRRGDFIHVMDNSDPNWWKGACHGQTGMFPRCYVTPVN,-0.240292876,-1.123120111,-0.47786298,1.62017,0.0735215,-5.540212631
TYVQALFDFDPQEDGELGFRRGDFIHVMDNSDPNWWKGACHGQTGMFPCNYVTPVN,0.072814667,-0.834405672,-1.215541833,3.03398,0.062292,-3.412762165
TYVQALFDFDPQEDGELGFRRGDFIHVMDNSDPNWWKGACHGQTCMFPRNYVTPVN,-0.776383325,0.717090413,0.292284884,17.5185,-0.3933545,-10.22825623
TYVQALFDFDPQEDGELGFRRGDFIHVMDNSDPNWWKGACHCQTGMFPRNYVTPVN,-0.250052911,1.116629954,-1.441772756,7.29732,0.0414015,-9.891096115
TYVQALFDFDPQEDGELGFRRGDFIHVMDNSDPNWWKGACCGQTGMFPRNYVTPVN,-0.040484683,0.382471352,-1.325899674,6.44467,-0.0037145,-5.779659748
TYVQALFDFDPQEDGELGFRRGDFIHVMDNSDPNWWKCACHGQTGMFPRNYVTPVN,-0.782902628,1.865172094,-0.65289584,12.2285,0.230656,-12.34840965
TYVQALFDFDPQEDGELGFRRGDFIHVMDNSDPCWWKGACHGQTGMFPRNYVTPVN,-0.201352895,-0.28824208,-0.295406937,2.39218,-0.00969,-6.635523796
TYVQALFDFDPQEDGELGFRRGDFIHVMDNSDCNWWKGACHGQTGMFPRNYVTPVN,-0.128991485,-0.1994199,-0.773165412,5.17092,-0.064733,-7.583590031
TYVQALFDFDPQEDGELGFRRGDFIHVMDNSCPNWWKGACHGQTGMFPRNYVTPVN,-0.486696043,0.451579044,-0.278601332,-0.876972,-0.007063,-14.63724995
TYVQALFDFDPQEDGELGFRRGDFIHVMDCSDPNWWKGACHGQTGMFPRNYVTPVN,-0.192891516,-0.682331987,-1.441584431,3.57749,0.009887,-3.401362419
TYVQALFDFDPQEDGELGFRRGDFIHVMCNSDPNWWKGACHGQTGMFPRNYVTPVN,-0.24841628,0.697951737,-1.805129694,6.67045,0.091748,-12.33482361
TYVQALFDFDPQEDGELGFRRGDFIHCMDNSDPNWWKGACHGQTGMFPRNYVTPVN,-0.047313672,1.315198823,-2.100958748,6.926,0.005441,-8.032077789
TYVQALFDFDPQEDGELGFRRGCFIHVMDNSDPNWWKGACHGQTGMFPRNYVTPVN,-0.254483236,1.384753184,-1.562254373,4.33298,-0.072058,-9.579815865
TYVQALFDFDPQEDGELGFRRCDFIHVMDNSDPNWWKGACHGQTGMFPRNYVTPVN,-0.229706066,1.350621503,-2.278196596,10.7637,-0.037846,-9.570877075
TYVQALFDFDPQEDGELGFRCGDFIHVMDNSDPNWWKGACHGQTGMFPRNYVTPVN,-0.043937721,-0.185021293,-1.163037598,0.954724,0.0503335,-7.445442677
TYVQALFDFDPQEDGELGFCRGDFIHVMDNSDPNWWKGACHGQTGMFPRNYVTPVN,-0.019148882,-0.241552755,-1.175644695,0.849664,-0.022811,-6.959472656
TYVQALFDFDPQEDGELCFRRGDFIHVMDNSDPNWWKGACHGQTGMFPRNYVTPVN,-0.106854832,-0.637080902,-0.808391339,0.0210594,0.035505,-7.83652401
TYVQALFDFDPQEDCELGFRRGDFIHVMDNSDPNWWKGACHGQTGMFPRNYVTPVN,-0.522303441,-0.621306121,0.255208709,7.4458,0.029704,-8.87970829
TYVQALFCFDPQEDGELGFRRGDFIHVMDNSDPNWWKGACHGQTGMFPRNYVTPVN,-0.204309785,1.232274854,-2.142839256,4.14228,-0.059773,-10.99085712
TYVQACFDFDPQEDGELGFRRGDFIHVMDNSDPNWWKGACHGQTGMFPRNYVTPVN,-0.021177496,-4.566413535,-0.991840409,5.56575,-0.018924,-6.416185379
TCVQALFDFDPQEDGELGFRRGDFIHVMDNSDPNWWKGACHGQTGMFPRNYVTPVN,-0.006695505,-0.660369283,-1.031193705,1.83507,0.076013,-3.938994884
TYDQALFDFDPQEDGELGFRRGDFIHVMDNSDPNWWKGACHGQTGMFPRNYVTPVN,-0.866214751,0.864205102,0.705612723,11.1247,0.003388,-11.29257107
TYVQDLFDFDPQEDGELGFRRGDFIHVMDNSDPNWWKGACHGQTGMFPRNYVTPVN,-0.645002679,0.922418621,-0.284440498,14.5496,-0.010927,-12.67979813
TYVQALFDFDPQDDGELGFRRGDFIHVMDNSDPNWWKGACHGQTGMFPRNYVTPVN,-0.217670466,-0.635970641,-0.494869518,1.6762,0.6764145,-4.807044506
TYVQALFDFDPQEDDELGFRRGDFIHVMDNSDPNWWKGACHGQTGMFPRNYVTPVN,0.217052244,-0.338176941,-2.037777082,3.41584,0.076659,-5.61068058
TYVQALFDFDPQEDGDLGFRRGDFIHVMDNSDPNWWKGACHGQTGMFPRNYVTPVN,-0.770446006,-0.464628837,0.701090823,0.0945787,1.003466,-1.828891754
TYVQALFDFDPQEDGELDFRRGDFIHVMDNSDPNWWKGACHGQTGMFPRNYVTPVN,-0.104443758,0.318222653,-1.21904643,1.42609,0.034806,-7.428163528
TYVQALFDFDPQEDGELGFRRDDFIHVMDNSDPNWWKGACHGQTGMFPRNYVTPVN,-0.056731658,0.577447903,-1.629111923,7.2514,-0.0023355,-7.025239468
TYVQALFDFDPQEDGELGFRRGDFIHDMDNSDPNWWKGACHGQTGMFPRNYVTPVN,-0.813223042,0.621159037,0.573342751,11.2184,0.0988425,-10.24487495
TYVQALFDFDPQEDGELGFRRGDFIHVMDNSDPNWWKDACHGQTGMFPRNYVTPVN,-0.64830523,1.480006579,-1.069033239,21.674,0.3668025,-11.74947834
TYVQALFDFDPQEDGELGFRRGDFIHVMDNSDPNWWKGDCHGQTGMFPRNYVTPVN,-0.007979897,-0.286410695,-1.224817666,6.38266,-0.0097435,-4.375182152
TYVQALFDFDPQEDGELGFRRGDFIHVMDNSDPNWWKGACHDQTGMFPRNYVTPVN,0.005820061,-0.006060438,-1.384887564,3.58833,0.014905,-6.085014343
TYVQALFDFDPQEDGELGFRRGDFIHVMDNSDPNWWKGACHGQTDMFPRNYVTPVN,-0.82927364,0.757043422,0.638278943,22.523,-0.453247,-10.64915848
TYVQALFDFDPQEDGELGFRRGDFIHVMDNSDPNWWKGACHGQTGMDPRNYVTPVN,-0.603536331,1.447942617,-1.030433603,20.9005,-0.0232615,-15.63729095
TYVQALFDFDPQEDGELGFRRGDFIHVMDNSDPNWWKGACHGQTGMFPRNYDTPVN,-0.903405067,0.872341836,1.070993609,14.4609,-0.101719,-11.51915359
TYVQALFDFDPQEDGELGFRRGDFIHVMDNSDPNWWKGACHGQTGMFPRNYVTPDN,-0.029901063,-0.709293784,-1.040862804,6.13518,-0.0359395,-7.696346283
TYVQALFDFDPQEDGELGFRRGDFIHVMDNSDPNWWKGACHGQTGMFPRNYVTPVD,-0.006313659,-0.997613813,-0.967932747,0.64205,0.0026805,-3.299414158
TYVQALFDFDPQEDGELGFRRGDFIHVMDNSDPNWWKGACHGQTGMFPRNYVTDVN,0.016936532,-1.059060339,-1.150989093,3.34553,0.0144415,-4.62512207
TYVQALFDFDPQEDGELGFRRGDFIHVMDNSDPNWWKGACHGQTGMFPRNYVDPVN,-0.06798064,0.203340985,-3.791284321,6.38665,-0.0228785,-5.071157932
TYVQALFDFDPQEDGELGFRRGDFIHVMDNSDPNWWKGACHGQTGMFPRDYVTPVN,-0.024493258,-0.886692442,-0.900331532,0.240396,-0.1446205,-7.189725399
TYVQALFDFDPQEDGELGFRRGDFIHVMDNSDPNWWKGACHGQDGMFPRNYVTPVN,-0.049233863,0.446597983,-1.298008295,3.79677,-0.0028575,-5.951435089
TYVQALFDFDPQEDGELGFRRGDFIHVMDNSDPNWWKGACDGQTGMFPRNYVTPVN,-0.006379327,-0.248328536,-1.036398101,3.88743,0.027188,-4.870931149
TYVQALFDFDPQEDGELGFRRGDFIHVMDNSDPNWWDGACHGQTGMFPRNYVTPVN,0.011236401,1.222374864,-2.424776595,4.0762,0.360084,-7.820249557
TYVQALFDFDPQEDGELGFRRGDFIHVMDNSDPDWWKGACHGQTGMFPRNYVTPVN,0.008708534,-0.702235221,-1.097516865,-0.793173,0.083142,-5.06196928
TYVQALFDFDPQEDGELGFRRGDFIHVMDNSDDNWWKGACHGQTGMFPRNYVTPVN,-0.021555746,-0.301414332,-1.209943087,3.55621,-0.020205,-3.552795887
TYVQALFDFDPQEDGELGFRRGDFIHVMDDSDPNWWKGACHGQTGMFPRNYVTPVN,-0.012371344,-0.759508922,-1.048652932,1.25074,-0.0368165,-2.09257555
TYVQALFDFDPQEDGELGFRRGDFIDVMDNSDPNWWKGACHGQTGMFPRNYVTPVN,0.056495238,-0.1348028,-1.237640903,1.21631,0.0305695,-3.893044472
TYVQALFDFDPQEDGELGFRRGDFDHVMDNSDPNWWKGACHGQTGMFPRNYVTPVN,-0.594385892,1.482979797,-1.020164489,19.5504,0.042635,-15.32476425
TYVQALFDFDPQEDGELGFDRGDFIHVMDNSDPNWWKGACHGQTGMFPRNYVTPVN,-0.256320472,0.357590922,-1.298595064,0.783022,0.0803165,-9.232312202
TYVQALFDFDDQEDGELGFRRGDFIHVMDNSDPNWWKGACHGQTGMFPRNYVTPVN,-0.069750413,0.733456238,-1.844768066,9.64761,0.1167825,-8.149608612
TYEQALFDFDPQEDGELGFRRGDFIHVMDNSDPNWWKGACHGQTGMFPRNYVTPVN,-0.707858228,1.183081834,-0.582646279,12.7444,0.031065,-10.07776451
TYVQELFDFDPQEDGELGFRRGDFIHVMDNSDPNWWKGACHGQTGMFPRNYVTPVN,0.00649765,1.393065298,-2.496900493,22.9037,0.1906535,-13.0628643
TYVQALFEFDPQEDGELGFRRGDFIHVMDNSDPNWWKGACHGQTGMFPRNYVTPVN,-0.178285894,0.518734433,-1.228702525,3.2686,-0.059477,-7.890120506
TYVQALFDFEPQEDGELGFRRGDFIHVMDNSDPNWWKGACHGQTGMFPRNYVTPVN,0.033614814,-1.015548668,-1.119457413,-1.54124,-0.054656,-1.72990942
TYVQALFDFDPQEEGELGFRRGDFIHVMDNSDPNWWKGACHGQTGMFPRNYVTPVN,-0.008957927,-0.871912326,-0.995788906,-0.0386759,-0.04769,-2.756082535
TYVQALFDFDPQEDEELGFRRGDFIHVMDNSDPNWWKGACHGQTGMFPRNYVTPVN,-0.123296463,0.046143466,-1.03268808,5.83394,0.089142,-6.022902012
TYVQALFDFDPQEDGELGFRREDFIHVMDNSDPNWWKGACHGQTGMFPRNYVTPVN,-0.297972186,1.225632014,-1.521508089,10.4514,-0.010776,-8.250549316
TYVQALFDFDPQEDGELGFRRGEFIHVMDNSDPNWWKGACHGQTGMFPRNYVTPVN,-0.033898174,-0.357442321,-1.104334543,5.12358,-0.021188,-4.29845047
TYVQALFDFDPQEDGELGFRRGDFIHEMDNSDPNWWKGACHGQTGMFPRNYVTPVN,-0.737599894,1.974616368,0.01221267,10.4541,0.01492,-11.70424461
TYVQALFDFDPQEDGELGFRRGDFIHVMENSDPNWWKGACHGQTGMFPRNYVTPVN,-0.059098977,-0.458627637,-0.900963816,5.51518,0.112408,-5.7920928
TYVQALFDFDPQEDGELGFRRGDFIHVMDNEDPNWWKGACHGQTGMFPRNYVTPVN,-0.151809913,-0.073238412,-0.96814088,2.71922,0.0376245,-6.354664803
TYVQALFDFDPQEDGELGFRRGDFIHVMDNSEPNWWKGACHGQTGMFPRNYVTPVN,-0.531724255,0.164637897,-0.11903702,-1.62997,-0.281133,-7.993758202
TYVQALFDFDPQEDGELGFRRGDFIHVMDNSDPNEWKGACHGQTGMFPRNYVTPVN,-0.791596574,0.251787377,1.794943063,4.05875,3.8033185,-14.8706646
TYVQALFDFDPQEDGELGFRRGDFIHVMDNSDPNWWKEACHGQTGMFPRNYVTPVN,-0.681727404,1.747654423,-0.812446039,29.5378,0.2154335,-13.25905609
TYVQALFDFDPQEDGELGFRRGDFIHVMDNSDPNWWKGECHGQTGMFPRNYVTPVN,-0.017314706,-1.316192284,-0.881544821,1.30478,0.029844,-2.195444107
TYVQALFDFDPQEDGELGFRRGDFIHVMDNSDPNWWKGACHEQTGMFPRNYVTPVN,-0.062522965,-0.087766062,-1.062110621,5.44148,-0.012236,-7.075755119
TYVQALFDFDPQEDGELGFRRGDFIHVMDNSDPNWWKGACHGQTEMFPRNYVTPVN,-0.68835567,1.262395484,0.182442695,15.576,-0.211249,-12.45113373
TYVQALFDFDPQEDGELGFRRGDFIHVMDNSDPNWWKGACHGQTGMFPRNYETPVN,-0.913733217,1.699811946,0.29229091,16.5176,-0.0087355,-12.79210472
TYVQALFDFDPQEDGELGFRRGDFIHVMDNSDPNWWKGACHGQTGMFPRNYVTPEN,-0.047525051,-0.602732178,-0.948336565,7.19432,-0.0103665,-7.070188046
TYVQALFDFDPQEDGELGFRRGDFIHVMDNSDPNWWKGACHGQTGMFPRNYVTPVE,0.11617276,-0.96915451,-1.13583889,-0.570569,-0.0004015,-2.798086882
TYVQALFDFDPQEDGELGFRRGDFIHVMDNSDPNWWKGACHGQTGMFPREYVTPVN,-0.158151943,-1.418395992,-0.811988593,-0.054986,-0.122194,-7.948301315
TYVQALFDFDPQEDGELGFRRGDFIHVMDNSDPNWWKGACHGQTGEFPRNYVTPVN,0.084070823,-0.045446785,-1.660551187,2.68668,0.8394785,-6.311992645
TYVQALFDFDPQEDGELGFRRGDFIHVMDNSDPNWWKGACHGETGMFPRNYVTPVN,0.037898325,-0.726762584,-1.066442751,0.498536,0.0281055,-5.361810207
TYVQALFDFDPQEDGELGFRRGDFIHVMDNSDPNWWKGACEGQTGMFPRNYVTPVN,-0.049158133,0.167815208,-1.044152947,4.87739,0.0182325,-5.887635231
TYVQALFDFDPQEDGELGFRRGDFIHVMDNSDPNWWEGACHGQTGMFPRNYVTPVN,0.13815464,-0.446059349,-1.618324134,0.66699,0.456081,-4.636546135
TYVQALFDFDPQEDGELGFRRGDFIHVMDNSDPEWWKGACHGQTGMFPRNYVTPVN,-0.279082304,-0.693443023,-0.629826307,-0.690097,-0.537577,-5.592276096
TYVQALFDFDPQEDGELGFRRGDFIHVMDESDPNWWKGACHGQTGMFPRNYVTPVN,-0.012278268,0.260620912,-1.495535178,2.7702,0.050723,-5.054864407
TYVQALFDFDPQEDGELGFRRGDFIHVEDNSDPNWWKGACHGQTGMFPRNYVTPVN,0.015503585,-0.670884399,-1.087611757,0.810769,-0.0067915,-3.17247057
TYVQALFDFDPQEDGELGFRRGDFIEVMDNSDPNWWKGACHGQTGMFPRNYVTPVN,0.090549526,-1.489432988,-1.928282295,-1.51375,0.0086195,-1.821505547
TYVQALFDFDPEEDGELGFRRGDFIHVMDNSDPNWWKGACHGQTGMFPRNYVTPVN,0.099686892,-0.625322831,-1.241328527,2.25214,-0.7702695,-3.489837646
TYVEALFDFDPQEDGELGFRRGDFIHVMDNSDPNWWKGACHGQTGMFPRNYVTPVN,0.054707496,-0.543695702,-1.140945873,4.22809,-0.0002305,-4.93134594
EYVQALFDFDPQEDGELGFRRGDFIHVMDNSDPNWWKGACHGQTGMFPRNYVTPVN,-0.060371473,-0.774900973,-1.068390237,0.619103,-0.0193355,-3.662328959
TYVQALFDFDPQEDGELGFRRGDFIHVMDNSDPNWWKGACHGQTGMFPRNYVTPVF,-0.087044288,-0.138553996,-1.22087796,0.0641168,-0.0123185,-5.847712517
TYVQALFDFDPQEDGELGFRRGDFIHVMDNSDPNWWKGACHGQTGMFPRNYVTPFN,-0.006704681,-0.635267554,-0.99319041,2.03821,0.038129,-5.748136997
TYVQALFDFDPQEDGELGFRRGDFIHVMDNSDPNWWKGACHGQTGMFPRNYVTFVN,-0.016769904,-0.564680237,-1.695087393,-0.564129,0.0037035,-6.316082001
TYVQALFDFDPQEDGELGFRRGDFIHVMDNSDPNWWKGACHGQTGMFPRNYVFPVN,-0.09446319,-0.574691102,-0.832900339,0.587097,-0.0448225,-7.05619812
TYVQALFDFDPQEDGELGFRRGDFIHVMDNSDPNWWKGACHGQTGMFPRNYFTPVN,-0.563872735,0.800649075,-0.301061085,11.0776,0.0384295,-10.75706863
TYVQALFDFDPQEDGELGFRRGDFIHVMDNSDPNWWKGACHGQTGMFPRNFVTPVN,-0.153484752,-0.707194578,-0.614717165,0.384976,0.2844795,-4.461290359
TYVQALFDFDPQEDGELGFRRGDFIHVMDNSDPNWWKGACHGQTGMFPRFYVTPVN,-0.357181695,-0.309862994,-0.723044857,1.26818,-0.021302,-11.63807106
TYVQALFDFDPQEDGELGFRRGDFIHVMDNSDPNWWKGACHGQTGMFPFNYVTPVN,-0.029844341,0.384929386,-1.518988705,0.715297,0.0566575,-5.420596123
TYVQALFDFDPQEDGELGFRRGDFIHVMDNSDPNWWKGACHGQTFMFPRNYVTPVN,-0.863805541,0.78372514,-0.811274609,34.1164,-0.3827255,-11.0071249
TYVQALFDFDPQEDGELGFRRGDFIHVMDNSDPNWWKGACHGQFGMFPRNYVTPVN,-0.012633741,-0.255516434,-1.158417442,-0.471884,-0.103323,-6.35651207
TYVQALFDFDPQEDGELGFRRGDFIHVMDNSDPNWWKGACHFQTGMFPRNYVTPVN,-0.347852911,1.256580478,-1.437075657,4.94792,-0.037812,-10.24061203
TYVQALFDFDPQEDGELGFRRGDFIHVMDNSDPNWWKGACFGQTGMFPRNYVTPVN,-0.147906426,0.954315813,-1.623972429,-0.212679,-0.048457,-6.044201851
TYVQALFDFDPQEDGELGFRRGDFIHVMDNSDPNWWKGAFHGQTGMFPRNYVTPVN,-0.132035864,0.426179632,-1.277193301,4.28333,0.047878,-3.203094006
TYVQALFDFDPQEDGELGFRRGDFIHVMDNSDPNWWKGFCHGQTGMFPRNYVTPVN,-0.069584067,-0.160340524,-1.144916164,1.6364,0.011719,-5.186507702
TYVQALFDFDPQEDGELGFRRGDFIHVMDNSDPNWFKGACHGQTGMFPRNYVTPVN,-0.36241309,0.414237758,-0.993294687,2.13341,0.034176,-6.637749672
TYVQALFDFDPQEDGELGFRRGDFIHVMDNSDPNFWKGACHGQTGMFPRNYVTPVN,-0.753066422,-0.160182845,1.245129218,1.16997,0.24667,-9.884075165
TYVQALFDFDPQEDGELGFRRGDFIHVMDNSDPFWWKGACHGQTGMFPRNYVTPVN,-0.166336851,-1.073563988,-0.912586604,0.494493,-0.6981265,-7.876685143
TYVQALFDFDPQEDGELGFRRGDFIHVMDNSDFNWWKGACHGQTGMFPRNYVTPVN,-0.045859471,0.603569945,-1.688845285,4.98057,-0.102783,-8.086069107
TYVQALFDFDPQEDGELGFRRGDFIHVMDNSFPNWWKGACHGQTGMFPRNYVTPVN,-0.769645763,2.508298109,-0.72759102,1.37251,-1.131525,-15.10801125
TYVQALFDFDPQEDGELGFRRGDFIHVMDNFDPNWWKGACHGQTGMFPRNYVTPVN,-0.20260084,1.002500561,-1.547877518,2.13072,-0.020273,-8.663232803
TYVQALFDFDPQEDGELGFRRGDFIHVMDFSDPNWWKGACHGQTGMFPRNYVTPVN,-0.097506086,-0.008442813,-1.375496556,5.54753,0.0637325,-7.140966415
TYVQALFDFDPQEDGELGFRRGDFIHVMFNSDPNWWKGACHGQTGMFPRNYVTPVN,-0.432069394,2.775470866,-2.989429739,5.8125,0.1218775,-12.93035507
TYVQALFDFDPQEDGELGFRRGDFIHVFDNSDPNWWKGACHGQTGMFPRNYVTPVN,-0.09625813,-0.416138001,-0.902809073,-1.15842,0.0046425,-3.526371956
TYVQALFDFDPQEDGELGFRRGDFIHFMDNSDPNWWKGACHGQTGMFPRNYVTPVN,-0.579825521,0.934377479,-0.44217874,17.4417,0.0926645,-11.24888802
TYVQALFDFDPQEDGELGFRRGDFIFVMDNSDPNWWKGACHGQTGMFPRNYVTPVN,0.049086523,-1.069438787,-0.969547716,-2.54596,0.050107,-5.596130371
TYVQALFDFDPQEDGELGFRRGDFFHVMDNSDPNWWKGACHGQTGMFPRNYVTPVN,-0.645368239,0.631853085,-0.232100518,10.2856,-0.0008835,-9.06498909
TYVQALFDFDPQEDGELGFRRGFFIHVMDNSDPNWWKGACHGQTGMFPRNYVTPVN,-0.290592291,1.702250775,-2.034021727,4.31602,0.0920535,-11.41875172
TYVQALFDFDPQEDGELGFFRGDFIHVMDNSDPNWWKGACHGQTGMFPRNYVTPVN,-0.256158112,0.181255238,-1.294498581,-1.73916,0.0358445,-7.780887604
TYVQALFDFDPQEDGELFFRRGDFIHVMDNSDPNWWKGACHGQTGMFPRNYVTPVN,-0.12892662,-0.858265048,-0.611802949,-2.4438,0.048416,-8.694169998
TYVQALFDFDPQEFGELGFRRGDFIHVMDNSDPNWWKGACHGQTGMFPRNYVTPVN,-0.153983536,-0.53937188,-0.812494926,2.49473,0.047671,-6.543165684
TYVQALFDFDFQEDGELGFRRGDFIHVMDNSDPNWWKGACHGQTGMFPRNYVTPVN,-0.605030218,1.491816367,-0.584449301,21.3238,1.2634865,-8.896995544
TYVQALFDFFPQEDGELGFRRGDFIHVMDNSDPNWWKGACHGQTGMFPRNYVTPVN,-0.034746551,-0.551011104,-1.122311242,-0.284203,0.025651,-3.728265524
TYVQALFFFDPQEDGELGFRRGDFIHVMDNSDPNWWKGACHGQTGMFPRNYVTPVN,-0.668696872,1.337550398,-0.458565119,5.05442,-0.0217815,-11.81387711
TYVQAFFDFDPQEDGELGFRRGDFIHVMDNSDPNWWKGACHGQTGMFPRNYVTPVN,-0.332851806,-0.063162301,-0.448224661,7.14392,0.188704,-8.365102768
TYFQALFDFDPQEDGELGFRRGDFIHVMDNSDPNWWKGACHGQTGMFPRNYVTPVN,-0.05294292,-0.33577759,-1.023217119,8.2526,0.1519005,-7.199306011
TFVQALFDFDPQEDGELGFRRGDFIHVMDNSDPNWWKGACHGQTGMFPRNYVTPVN,-0.01774265,-0.815441352,-0.967956769,0.165489,0.034445,-3.809809685
TYGQALFDFDPQEDGELGFRRGDFIHVMDNSDPNWWKGACHGQTGMFPRNYVTPVN,-0.356312011,1.096881088,-1.005675771,11.2228,0.019751,-7.540380478
TYVQALFDFDPQEDGELGFRRGDGIHVMDNSDPNWWKGACHGQTGMFPRNYVTPVN,-0.206480458,1.027863224,-1.4492173,6.73198,-0.011293,-6.994508266
TYVQALFDFDPQEDGELGFRRGDFIHGMDNSDPNWWKGACHGQTGMFPRNYVTPVN,-0.907057468,1.453282838,-0.199927396,13.2475,0.057692,-9.833854675
TYVQALFDFDPQEDGELGFRRGDFIHVMDNSDPNGWKGACHGQTGMFPRNYVTPVN,-0.895963524,1.256417621,2.033860375,9.86815,3.7756695,-12.8844862
TYVQALFDFDPQEDGELGFRRGDFIHVMDNSDPNWGKGACHGQTGMFPRNYVTPVN,-0.580520323,1.044200269,-0.586115354,11.3016,-0.0253095,-9.347342491
TYVQALFDFDPQEDGELGFRRGDFIHVMDNSDPNWWKGAGHGQTGMFPRNYVTPVN,-0.421884191,1.178913947,-1.188268289,6.73955,-0.001449,-6.663906097
TYVQALFDFDPQEDGELGFRRGDFIHVMDNSDPNWWKGACHGQTGMFPRNYGTPVN,-0.397141062,1.242748729,-1.050242493,12.3839,-0.054218,-8.162286758
TYVQALFDFDPQEDGELGFRRGDFIHVMDNSDPNWWKGACHGQTGMFPRNYVTPGN,-0.125159109,-0.68340191,-0.614270737,6.07625,-0.0173005,-6.641349792
TYVQALFDFDPQEDGELGFRRGDFIHVMDNSDPNWWKGACHGQTGMFPRNYVTPVG,-0.064903507,-0.335265495,-1.011211661,-0.0482721,-0.0142535,-3.56332922
TYVQALFDFDPQEDGELGFRRGDFIHVMDNSDPNWWKGACHGQTGMFPRGYVTPVN,-0.136979425,-1.187826015,-0.514433731,2.35687,0.2551445,-6.881360531
TYVQALFDFDPQEDGELGFRRGDFIHVMDNSDPNWWKGACHGQGGMFPRNYVTPVN,-0.210942879,0.857896406,-1.265065444,4.08641,-0.0464305,-7.517772675
TYVQALFDFDPQEDGELGFRRGDFIHVMDNSDPNWWKGGCHGQTGMFPRNYVTPVN,0.008185368,-0.287871993,-1.33093471,4.02766,0.050415,-5.75017643
TYVQALFDFDPQEDGELGFRRGDFIHVMDNSDPNWWGGACHGQTGMFPRNYVTPVN,0.024980395,0.729329651,-1.988627351,2.97081,0.4963005,-7.97958374
TYVQALFDFDPQEDGELGFRRGDFIHVMDNSDPGWWKGACHGQTGMFPRNYVTPVN,-0.317716416,-0.078949397,-0.299056788,3.69346,0.1071175,-6.330016613
TYVQALFDFDPQEDGELGFRRGDFIHVMDNSDGNWWKGACHGQTGMFPRNYVTPVN,-0.168128566,-0.135826401,-0.630048227,4.70684,-0.0581205,-4.495099545
TYVQALFDFDPQEDGELGFRRGDFIHVMDNSGPNWWKGACHGQTGMFPRNYVTPVN,-0.633342247,-0.217327404,0.198119551,2.36571,0.304152,-11.60076523
TYVQALFDFDPQEDGELGFRRGDFIHVMDGSDPNWWKGACHGQTGMFPRNYVTPVN,0.034029091,-0.217476474,-1.048608741,3.42464,0.0036235,-5.370307922
TYVQALFDFDPQEDGELGFRRGDFIHVMGNSDPNWWKGACHGQTGMFPRNYVTPVN,-0.321879517,0.929706449,-1.121556318,10.076,0.0535425,-10.03386497
TYVQALFDFDPQEDGELGFRRGGFIHVMDNSDPNWWKGACHGQTGMFPRNYVTPVN,-0.631396578,1.454284366,-0.819612491,8.69081,-0.0287255,-9.206300735
TYVQALFDFDPQEDGELGFRGGDFIHVMDNSDPNWWKGACHGQTGMFPRNYVTPVN,-0.138307226,0.190794937,-0.97569524,4.15602,-0.0463325,-8.500864029
TYVQALFDFDPQEDGELGFGRGDFIHVMDNSDPNWWKGACHGQTGMFPRNYVTPVN,-0.055966158,0.008651021,-1.010933329,1.13346,-0.019767,-8.648617744
TYVQALFDFDPQEDGGLGFRRGDFIHVMDNSDPNWWKGACHGQTGMFPRNYVTPVN,-0.755372211,-0.515922808,0.965287592,6.0628,2.100506,-7.387500763
TYVQALFDFDPQEGGELGFRRGDFIHVMDNSDPNWWKGACHGQTGMFPRNYVTPVN,-0.124406994,-0.059251054,-0.899824958,2.86819,-0.034562,-4.708758354
TYVQALFDFDPQGDGELGFRRGDFIHVMDNSDPNWWKGACHGQTGMFPRNYVTPVN,-0.492548584,-0.76268076,0.171195142,2.4563,1.254534,-4.527469158
TYVQALFDFGPQEDGELGFRRGDFIHVMDNSDPNWWKGACHGQTGMFPRNYVTPVN,-0.128332964,0.391487275,-1.204641037,4.70542,-0.017851,-5.029076576
TYVQALFGFDPQEDGELGFRRGDFIHVMDNSDPNWWKGACHGQTGMFPRNYVTPVN,-0.231819064,0.800181273,-1.28293329,6.78105,0.096828,-8.806218147
TYVQGLFDFDPQEDGELGFRRGDFIHVMDNSDPNWWKGACHGQTGMFPRNYVTPVN,-0.102275939,0.448567956,-1.270069474,6.08863,-0.0059405,-8.572200775
GYVQALFDFDPQEDGELGFRRGDFIHVMDNSDPNWWKGACHGQTGMFPRNYVTPVN,-0.012348659,-0.70053783,-0.934055136,3.23235,-0.0320205,-3.018801689
THVQALFDFDPQEDGELGFRRGDFIHVMDNSDPNWWKGACHGQTGMFPRNYVTPVN,0.02531248,-0.515352777,-1.112091377,1.09199,0.0575855,-3.481265068
TYVQAHFDFDPQEDGELGFRRGDFIHVMDNSDPNWWKGACHGQTGMFPRNYVTPVN,-0.293640927,0.101532151,-0.655213233,7.81227,0.1323435,-5.163301468
TYVQALHDFDPQEDGELGFRRGDFIHVMDNSDPNWWKGACHGQTGMFPRNYVTPVN,-0.263539928,-0.955004992,-0.400029919,-0.379873,1.4436625,-5.179208755
TYVQALFHFDPQEDGELGFRRGDFIHVMDNSDPNWWKGACHGQTGMFPRNYVTPVN,-0.124469477,0.589068963,-1.203812962,4.97952,-0.0030375,-8.414657593
TYVQALFDHDPQEDGELGFRRGDFIHVMDNSDPNWWKGACHGQTGMFPRNYVTPVN,-0.922802262,-1.092177607,0.006719154,3.76568,0.4418025,-7.835931778
TYVQALFDFHPQEDGELGFRRGDFIHVMDNSDPNWWKGACHGQTGMFPRNYVTPVN,-0.242323647,-0.756911089,-0.502248594,0.675827,0.0801585,-3.319010973
TYVQALFDFDHQEDGELGFRRGDFIHVMDNSDPNWWKGACHGQTGMFPRNYVTPVN,-0.284261518,0.381929346,-0.851541592,25.1331,0.999197,-8.035455704
TYVQALFDFDPHEDGELGFRRGDFIHVMDNSDPNWWKGACHGQTGMFPRNYVTPVN,-0.16344603,-0.596511864,-0.584823632,2.03067,-0.217121,-5.803376675
TYVQALFDFDPQEHGELGFRRGDFIHVMDNSDPNWWKGACHGQTGMFPRNYVTPVN,-0.093824101,-0.372835817,-0.852947043,1.81758,-0.0087945,-4.261297226
TYVQALFDFDPQEDGEHGFRRGDFIHVMDNSDPNWWKGACHGQTGMFPRNYVTPVN,-1.053911423,1.821454518,-1.290279939,15.283,0.0353555,-12.687006
TYVQALFDFDPQEDGELGHRRGDFIHVMDNSDPNWWKGACHGQTGMFPRNYVTPVN,-0.90778677,1.45434403,5.129763217,7.77528,0.0192225,-12.7331171
TYVQALFDFDPQEDGELGFHRGDFIHVMDNSDPNWWKGACHGQTGMFPRNYVTPVN,0.0115764,-0.426901184,-1.164649797,-1.16849,-0.007945,-5.324843407
TYVQALFDFDPQEDGELGFRHGDFIHVMDNSDPNWWKGACHGQTGMFPRNYVTPVN,-0.032112567,-0.135537158,-1.530835218,3.9778,-0.0471415,-7.846442699
TYVQALFDFDPQEDGELGFRRGHFIHVMDNSDPNWWKGACHGQTGMFPRNYVTPVN,-0.321781353,1.142064562,-1.288565029,1.91047,0.06542,-9.027846336
TYVQALFDFDPQEDGELGFRRGDHIHVMDNSDPNWWKGACHGQTGMFPRNYVTPVN,-0.075544837,-0.3208421,-1.16004397,3.50865,-0.01349,-4.801661968
TYVQALFDFDPQEDGELGFRRGDFIHVMHNSDPNWWKGACHGQTGMFPRNYVTPVN,-0.297438146,1.07670488,-1.199305994,6.23466,0.06505,-10.65981483
TYVQALFDFDPQEDGELGFRRGDFIHVMDNSHPNWWKGACHGQTGMFPRNYVTPVN,-0.236630836,-0.602396468,-0.440382516,-3.46788,-1.0113795,-11.65769196
TYVQALFDFDPQEDGELGFRRGDFIHVMDNSDHNWWKGACHGQTGMFPRNYVTPVN,-0.063401219,-0.321601937,-1.023966745,4.3021,-0.0689235,-7.020274162
TYVQALFDFDPQEDGELGFRRGDFIHVMDNSDPNWWKGAHHGQTGMFPRNYVTPVN,-0.041118484,0.165313337,-1.529554996,7.38562,0.044291,-2.78630209
TYVQALFDFDPQEDGELGFRRGDFIHVMDNSDPNWWKGACHGHTGMFPRNYVTPVN,-0.013247732,-0.714480359,-0.99278715,0.500654,-0.030625,-4.489141464
TYVQALFDFDPQEDGELGFRRGDFIHVMDNSDPNWWKGACHGQTHMFPRNYVTPVN,-1.094445444,1.40159849,5.397848939,29.291,-0.336627,-10.0487957
TYVQALFDFDPQEDGELGFRRGDFIHVMDNSDPNWWKGACHGQTGMHPRNYVTPVN,-0.937274546,2.420077389,-0.861720397,10.6508,0.00726,-12.96077919
TYVQALFDFDPQEDGELGFRRGDFIHVMDNSDPNWWKGACHGQTGMFHRNYVTPVN,-0.655671543,-0.847884373,0.716726949,3.98735,0.0085865,-10.84232998
TYVQALFDFDPQEDGELGFRRGDFIHVMDNSDPNWWKGACHGQTGMFPHNYVTPVN,-0.070040258,0.249475336,-1.329757862,2.88736,0.0431805,-4.022061348
TYVQALFDFDPQEDGELGFRRGDFIHVMDNSDPNWWKGACHGQTGMFPRNHVTPVN,0.069767824,-0.540796417,-1.282301427,2.88439,2.0087725,-7.24669075
TYVQALFDFDPQEDGELGFRRGDFIHVMDNSDPNWWKGACHGQTGMFPRNYVTHVN,0.008153104,-0.647727989,-1.11908576,2.31104,-0.004758,-5.745742798
TYVQALFDFDPQEDGELGFRRGDFIHVMDNSDPNWWKGACHGQTGMFPRNYVTPVH,-0.050066835,-0.496402064,-0.911580681,0.331343,0.009919,-4.053461075
TYVQALFDFDPQEDGELGFRRGDFIHVMDNSDPNWWKGACHGQTGMFPRHYVTPVN,-0.131261018,-1.066881774,-0.538263185,0.941698,-0.0608255,-9.273115158
TYVQALFDFDPQEDGELGFRRGDFIHVMDNSDPHWWKGACHGQTGMFPRNYVTPVN,0.007731834,-1.164993694,-0.951694921,0.45212,-0.4997535,-5.349002361
TYVHALFDFDPQEDGELGFRRGDFIHVMDNSDPNWWKGACHGQTGMFPRNYVTPVN,-0.094829147,0.163542526,-1.165131627,8.25772,0.000153,-6.626228809
TIVQALFDFDPQEDGELGFRRGDFIHVMDNSDPNWWKGACHGQTGMFPRNYVTPVN,-0.024132246,-1.165075394,-1.123699775,-1.91894,0.003093,-1.129804969
TYIQALFDFDPQEDGELGFRRGDFIHVMDNSDPNWWKGACHGQTGMFPRNYVTPVN,-0.407883345,0.413782859,-0.573796825,5.65808,0.03023,-7.300429344
TYVQILFDFDPQEDGELGFRRGDFIHVMDNSDPNWWKGACHGQTGMFPRNYVTPVN,-0.860838417,2.035739648,-1.428277559,15.8544,0.189521,-13.19164467
TYVQAIFDFDPQEDGELGFRRGDFIHVMDNSDPNWWKGACHGQTGMFPRNYVTPVN,-0.075825322,-0.592221878,-0.888518192,1.3763,0.10089,-4.845852852
TYVQALIDFDPQEDGELGFRRGDFIHVMDNSDPNWWKGACHGQTGMFPRNYVTPVN,-0.848911093,-0.308115114,1.323925155,-0.87129,5.040442,-10.92482376
TYVQALFIFDPQEDGELGFRRGDFIHVMDNSDPNWWKGACHGQTGMFPRNYVTPVN,-0.743256016,2.180043013,-1.835405957,2.93391,0.003605,-11.08117008
TYVQALFDIDPQEDGELGFRRGDFIHVMDNSDPNWWKGACHGQTGMFPRNYVTPVN,-0.869289622,0.567950271,1.223786637,7.71714,1.101766,-8.133244514
TYVQALFDFIPQEDGELGFRRGDFIHVMDNSDPNWWKGACHGQTGMFPRNYVTPVN,0.008258,-0.863115191,-0.732413829,-2.81515,0.0335245,-2.349844933
TYVQALFDFDIQEDGELGFRRGDFIHVMDNSDPNWWKGACHGQTGMFPRNYVTPVN,-0.098194979,1.047241099,-2.023413352,3.49808,0.720063,-6.727007866
TYVQALFDFDPQEIGELGFRRGDFIHVMDNSDPNWWKGACHGQTGMFPRNYVTPVN,-0.158099841,-0.255101663,-0.847485869,2.12242,0.0167775,-6.684877396
TYVQALFDFDPQEDIELGFRRGDFIHVMDNSDPNWWKGACHGQTGMFPRNYVTPVN,-0.928648109,0.136501479,-0.167415945,17.0196,0.180439,-9.901106834
TYVQALFDFDPQEDGEIGFRRGDFIHVMDNSDPNWWKGACHGQTGMFPRNYVTPVN,-0.014262676,0.093372406,-1.281905271,9.17474,0.0844135,-6.120635986
TYVQALFDFDPQEDGELIFRRGDFIHVMDNSDPNWWKGACHGQTGMFPRNYVTPVN,-0.148009268,0.311799505,-1.122380539,-1.35688,0.1441155,-8.906431198
TYVQALFDFDPQEDGELGIRRGDFIHVMDNSDPNWWKGACHGQTGMFPRNYVTPVN,-0.290661896,0.846780915,-1.130102273,14.1676,0.051109,-6.280220509
TYVQALFDFDPQEDGELGFIRGDFIHVMDNSDPNWWKGACHGQTGMFPRNYVTPVN,-0.056275914,0.345396134,-1.455634488,0.244813,0.111337,-7.933153629
TYVQALFDFDPQEDGELGFRRIDFIHVMDNSDPNWWKGACHGQTGMFPRNYVTPVN,-0.603260182,2.177350115,-1.379089717,19.8755,-0.0062715,-14.11601257
TYVQALFDFDPQEDGELGFRRGIFIHVMDNSDPNWWKGACHGQTGMFPRNYVTPVN,-0.802466744,1.773670321,-0.027038389,7.07618,-0.007938,-11.8785162
TYVQALFDFDPQEDGELGFRRGDIIHVMDNSDPNWWKGACHGQTGMFPRNYVTPVN,0.017999034,-1.153741295,-0.994745293,-1.72681,0.0006845,0.401105165
TYVQALFDFDPQEDGELGFRRGDFIIVMDNSDPNWWKGACHGQTGMFPRNYVTPVN,0.008365212,-0.640731619,-0.992952115,-2.43472,-0.0589015,-5.063501835
TYVQALFDFDPQEDGELGFRRGDFIHIMDNSDPNWWKGACHGQTGMFPRNYVTPVN,-0.047509037,-0.307635145,-1.092921454,-0.371134,-0.004662,-7.103051186
TYVQALFDFDPQEDGELGFRRGDFIHVIDNSDPNWWKGACHGQTGMFPRNYVTPVN,-0.048878154,-0.916151708,-0.961030118,-2.36856,0.03147,-1.752915502
TYVQALFDFDPQEDGELGFRRGDFIHVMINSDPNWWKGACHGQTGMFPRNYVTPVN,-0.378048966,1.79739592,-1.742377779,5.943,0.078282,-12.45671558
TYVQALFDFDPQEDGELGFRRGDFIHVMDNIDPNWWKGACHGQTGMFPRNYVTPVN,-0.170828094,0.705199769,-1.596769688,2.31253,0.041846,-8.205386162
TYVQALFDFDPQEDGELGFRRGDFIHVMDNSIPNWWKGACHGQTGMFPRNYVTPVN,-0.601514732,1.782408334,-1.397659807,-2.02808,-0.4993855,-13.74042702
TYVQALFDFDPQEDGELGFRRGDFIHVMDNSDINWWKGACHGQTGMFPRNYVTPVN,-0.094332226,0.112602084,-1.070528397,4.65177,0.022678,-6.367803574
TYVQALFDFDPQEDGELGFRRGDFIHVMDNSDPNWWKIACHGQTGMFPRNYVTPVN,-0.63182068,2.050809054,-1.541728549,34.8879,0.3493145,-15.41792202
TYVQALFDFDPQEDGELGFRRGDFIHVMDNSDPNWWKGICHGQTGMFPRNYVTPVN,0.040215486,-0.219030322,-1.352944857,0.0957737,-0.059395,-3.926593781
TYVQALFDFDPQEDGELGFRRGDFIHVMDNSDPNWWKGAIHGQTGMFPRNYVTPVN,-0.015424159,-0.235773445,-1.089827944,3.81618,0.0954645,-2.296718121
TYVQALFDFDPQEDGELGFRRGDFIHVMDNSDPNWWKGACIGQTGMFPRNYVTPVN,-0.347977847,1.336875848,-1.833345584,18.564,-0.002901,-9.453378677
TYVQALFDFDPQEDGELGFRRGDFIHVMDNSDPNWWKGACHGQTIMFPRNYVTPVN,-0.868090802,1.082911407,1.694379189,21.5123,0.1620745,-14.90872574
TYVQALFDFDPQEDGELGFRRGDFIHVMDNSDPNWWKGACHGQTGIFPRNYVTPVN,-0.055714129,-0.937584056,-0.786954234,-1.23593,1.0072715,-2.145685673
TYVQALFDFDPQEDGELGFRRGDFIHVMDNSDPNWWKGACHGQTGMIPRNYVTPVN,-0.322469365,0.732148742,-0.959804562,25.2919,0.3037015,-7.402780533
TYVQALFDFDPQEDGELGFRRGDFIHVMDNSDPNWWKGACHGQTGMFIRNYVTPVN,-1.093106202,1.161426423,-0.149696989,2.2356,0.667739,-11.7055788
TYVQALFDFDPQEDGELGFRRGDFIHVMDNSDPNWWKGACHGQTGMFPINYVTPVN,-0.016864286,0.293064679,-1.445255498,3.88871,0.0570265,-4.693779469
TYVQALFDFDPQEDGELGFRRGDFIHVMDNSDPNWWKGACHGQTGMFPRNIVTPVN,-0.867126881,-0.409413882,0.11767021,0.995408,3.55949,-12.59033585
TYVQALFDFDPQEDGELGFRRGDFIHVMDNSDPNWWKGACHGQTGMFPRNYITPVN,-0.076598978,0.060055898,-1.139913519,4.36867,-0.029709,-6.001862049
TYVQALFDFDPQEDGELGFRRGDFIHVMDNSDPNWWKGACHGQTGMFPRNYVTIVN,-0.079713922,-0.801816351,-0.755868199,2.90652,0.0429015,-4.250813007
TYVQALFDFDPQEDGELGFRRGDFIHVMDNSDPNWWKGACHGQTGMFPRNYVTPIN,-0.004685414,-0.924239856,-1.083792463,0.971487,-0.033172,-3.8442173
TYVQALFDFDPQEDGELGFRRGDFIHVMDNSDPNWWKGACHGQTGMFPRNYVTPVI,-0.067503919,-0.655123165,-0.886264015,1.2842,-0.0441255,-5.136238098
TYVQALFDFDPQEDGELGFRRGDFIHVMDNSDPNWWKGACHGQTGMFPRNYVIPVN,-0.141747081,-0.766819809,-0.645652444,-0.933396,-0.032111,-4.666054726
TYVQALFDFDPQEDGELGFRRGDFIHVMDNSDPNWWKGACHGQTGMFPRIYVTPVN,-0.344856964,-0.577777472,-0.235727051,0.820796,-0.063256,-8.182141304
TYVQALFDFDPQEDGELGFRRGDFIHVMDNSDPNWWKGACHGQIGMFPRNYVTPVN,-0.046961454,-0.927922964,-0.905724975,0.235272,0.0901125,-4.21373558
TYVQALFDFDPQEDGELGFRRGDFIHVMDNSDPNWWIGACHGQTGMFPRNYVTPVN,0.072859157,-0.681161159,-1.439302078,-1.41791,0.222129,-4.886630058
TYVQALFDFDPQEDGELGFRRGDFIHVMDNSDPIWWKGACHGQTGMFPRNYVTPVN,-0.309515496,-0.94107601,-0.187097277,-0.21125,-0.3223495,-6.107913971
TYVQALFDFDPQEDGELGFRRGDFIHVMDISDPNWWKGACHGQTGMFPRNYVTPVN,-0.163658727,-0.217987624,-0.807984225,0.226992,0.004965,-5.724910736
IYVQALFDFDPQEDGELGFRRGDFIHVMDNSDPNWWKGACHGQTGMFPRNYVTPVN,-0.010550253,-0.863006519,-0.969562225,-0.1283,-0.0202015,-4.452129364
KYVQALFDFDPQEDGELGFRRGDFIHVMDNSDPNWWKGACHGQTGMFPRNYVTPVN,0.010463808,-0.827330131,-1.028656198,0.881029,-0.007235,-4.395330429
TKVQALFDFDPQEDGELGFRRGDFIHVMDNSDPNWWKGACHGQTGMFPRNYVTPVN,-0.093963635,-0.880525411,-0.965383982,2.32166,0.0482695,-1.946347833
TYVKALFDFDPQEDGELGFRRGDFIHVMDNSDPNWWKGACHGQTGMFPRNYVTPVN,-0.01660005,-0.872820294,-0.918091549,3.10447,0.0541455,-3.826583624
TYVQALFDFKPQEDGELGFRRGDFIHVMDNSDPNWWKGACHGQTGMFPRNYVTPVN,-0.06060892,-0.698587333,-0.232144155,-0.532034,-0.111468,-2.706130743
TYVQALFDFDPKEDGELGFRRGDFIHVMDNSDPNWWKGACHGQTGMFPRNYVTPVN,-0.068027801,-0.826218726,-0.856887774,1.60418,0.034938,-6.078979492
TYVQALFDFDPQKDGELGFRRGDFIHVMDNSDPNWWKGACHGQTGMFPRNYVTPVN,-0.712297067,-1.012688818,0.850894557,-0.748902,1.551543,-6.498285294
TYVQALFDFDPQEKGELGFRRGDFIHVMDNSDPNWWKGACHGQTGMFPRNYVTPVN,-0.123179033,-0.494695962,-1.263889198,0.420991,-0.0027605,-4.626497269
TYVQALFDFDPQEDKELGFRRGDFIHVMDNSDPNWWKGACHGQTGMFPRNYVTPVN,-0.464043017,-0.134444947,-0.527435575,5.43784,-0.3238955,-9.092699051
TYVQALFDFDPQEDGKLGFRRGDFIHVMDNSDPNWWKGACHGQTGMFPRNYVTPVN,-0.828984814,-1.355284646,1.11219162,3.88184,4.4616335,-7.626484394
TYVQALFDFDPQEDGEKGFRRGDFIHVMDNSDPNWWKGACHGQTGMFPRNYVTPVN,-0.887208014,1.538626791,4.091921193,16.5961,0.0993525,-15.12072754
TYVQALFDFDPQEDGELGFRKGDFIHVMDNSDPNWWKGACHGQTGMFPRNYVTPVN,0.051743725,-1.363065923,-0.677978845,-0.517169,-0.0087695,-2.993302107
TYVQALFDFDPQEDGELGFRRKDFIHVMDNSDPNWWKGACHGQTGMFPRNYVTPVN,-0.34565855,1.043424875,-1.081113894,9.55103,-0.078211,-8.418985367
TYVQALFDFDPQEDGELGFRRGKFIHVMDNSDPNWWKGACHGQTGMFPRNYVTPVN,-0.641863867,2.066263418,-1.174662433,5.87277,0.056971,-10.4439106
TYVQALFDFDPQEDGELGFRRGDFKHVMDNSDPNWWKGACHGQTGMFPRNYVTPVN,-0.81043685,1.679951098,-0.665229662,19.5902,0.0753075,-15.57186317
TYVQALFDFDPQEDGELGFRRGDFIKVMDNSDPNWWKGACHGQTGMFPRNYVTPVN,0.042517297,-1.145069328,-0.945041666,-1.7281,-0.0050595,-2.841935396
TYVQALFDFDPQEDGELGFRRGDFIHVKDNSDPNWWKGACHGQTGMFPRNYVTPVN,-0.042608716,-0.406219503,-0.999866303,2.17255,-0.03256,-5.561104774
TYVQALFDFDPQEDGELGFRRGDFIHVMKNSDPNWWKGACHGQTGMFPRNYVTPVN,-0.390193066,1.195741672,-1.546728424,6.18153,0.138122,-10.46054363
TYVQALFDFDPQEDGELGFRRGDFIHVMDKSDPNWWKGACHGQTGMFPRNYVTPVN,-0.053590744,-0.974204055,-0.768261745,2.01139,0.0010425,-4.221162796
TYVQALFDFDPQEDGELGFRRGDFIHVMDNKDPNWWKGACHGQTGMFPRNYVTPVN,0.012544541,-0.376171963,-1.13932669,1.57021,0.0648955,-6.205900669
TYVQALFDFDPQEDGELGFRRGDFIHVMDNSKPNWWKGACHGQTGMFPRNYVTPVN,-0.732154496,0.068592156,0.878252028,0.245477,-0.5251285,-13.09779739
TYVQALFDFDPQEDGELGFRRGDFIHVMDNSDKNWWKGACHGQTGMFPRNYVTPVN,0.023830154,-0.236552849,-1.717499836,2.96472,-0.0337205,-6.160017967
TYVQALFDFDPQEDGELGFRRGDFIHVMDNSDPKWWKGACHGQTGMFPRNYVTPVN,-0.595407132,-0.945982988,0.486384811,-0.239792,-0.0391755,-7.594273567
TYVQALFDFDPQEDGELGFRRGDFIHVMDNSDPNKWKGACHGQTGMFPRNYVTPVN,-0.871553469,-0.33777624,0.808543178,4.21184,4.0287895,-14.86137676
TYVQALFDFDPQEDGELGFRRGDFIHVMDNSDPNWKKGACHGQTGMFPRNYVTPVN,-0.654550935,2.432734938,-1.690515583,7.72129,-0.0223635,-10.79431152
TYVQALFDFDPQEDGELGFRRGDFIHVMDNSDPNWWKGACKGQTGMFPRNYVTPVN,-0.02072363,-0.798149017,-1.041776191,2.42452,0.018082,-3.740475655
TYVQALFDFDPQEDGELGFRRGDFIHVMDNSDPNWWKGACHKQTGMFPRNYVTPVN,-0.264993429,0.048701684,-1.243410333,4.20801,-0.0292505,-8.371368408
TYVQALFDFDPQEDGELGFRRGDFIHVMDNSDPNWWKGACHGKTGMFPRNYVTPVN,-0.12743674,-1.266367642,-0.695115909,-0.0465239,0.048895,-2.914413929
TYVQALFDFDPQEDGELGFRRGDFIHVMDNSDPNWWKGACHGQKGMFPRNYVTPVN,0.03551668,-0.693071973,-1.389195371,1.4914,-0.0793235,-5.466676235
TYVQALFDFDPQEDGELGFRRGDFIHVMDNSDPNWWKGACHGQTGKFPRNYVTPVN,-0.739138033,-1.140564768,1.057187989,1.86432,-1.5247745,-7.04090023
TYVQALFDFDPQEDGELGFRRGDFIHVMDNSDPNWWKGACHGQTGMFPRKYVTPVN,-0.376581654,-1.417342626,0.109224594,0.565474,-0.1047095,-7.216220856
TYVQALFDFDPQEDGELGFRRGDFIHVMDNSDPNWWKGACHGQTGMFPRNKVTPVN,-0.943146809,-0.900341466,-1.998224203,2.83975,3.9938285,-12.53321457
TYVQALFDFDPQEDGELGFRRGDFIHVMDNSDPNWWKGACHGQTGMFPRNYVKPVN,0.020020373,-1.423395867,-1.008857242,0.316747,-0.045131,-3.349240303
TYVQALFDFDPQEDGELGFRRGDFIHVMDNSDPNWWKGACHGQTGMFPRNYVTPKN,-0.07030485,-0.73445319,-0.302083023,4.42644,0.051102,-7.479624748
TYVQALFDFDPQEDGELGFRRGDFIHVMDNSDPNWWKGACHGQTGMFPRNYVTPVK,-0.035339676,-0.684802725,-0.989249319,-0.272893,0.024581,-3.755033255
TLVQALFDFDPQEDGELGFRRGDFIHVMDNSDPNWWKGACHGQTGMFPRNYVTPVN,0.083427599,-1.146698506,-1.291716457,0.684315,-0.0068075,-1.741718411
TYLQALFDFDPQEDGELGFRRGDFIHVMDNSDPNWWKGACHGQTGMFPRNYVTPVN,-0.274042775,0.839568766,-1.134458304,9.96717,0.136125,-7.378660202
TYVQALLDFDPQEDGELGFRRGDFIHVMDNSDPNWWKGACHGQTGMFPRNYVTPVN,-0.69428047,-0.667119049,0.908947627,0.825621,5.771722,-10.08463192
TYVQALFDLDPQEDGELGFRRGDFIHVMDNSDPNWWKGACHGQTGMFPRNYVTPVN,-0.71810906,0.090356791,0.558998948,0.354486,0.464415,-4.365247726
TYVQALFDFDPQELGELGFRRGDFIHVMDNSDPNWWKGACHGQTGMFPRNYVTPVN,-0.175650633,-0.034150489,-0.874273489,1.75284,0.001849,-5.978315353
TYVQALFDFDPQEDLELGFRRGDFIHVMDNSDPNWWKGACHGQTGMFPRNYVTPVN,-0.807902628,0.671971962,0.281188616,5.67418,0.235043,-9.153086662
TYVQALFDFDPQEDGLLGFRRGDFIHVMDNSDPNWWKGACHGQTGMFPRNYVTPVN,-0.679311036,-1.194173785,1.112470073,-2.37571,2.6115565,-8.177700043
TYVQALFDFDPQEDGELGLRRGDFIHVMDNSDPNWWKGACHGQTGMFPRNYVTPVN,-0.14358932,0.445176769,-1.176712571,13.0518,0.044481,-3.88619566
TYVQALFDFDPQEDGELGFRRLDFIHVMDNSDPNWWKGACHGQTGMFPRNYVTPVN,-0.534679608,0.994976364,-1.008210207,9.42652,0.004795,-9.442580223
TYVQALFDFDPQEDGELGFRRGLFIHVMDNSDPNWWKGACHGQTGMFPRNYVTPVN,-0.804509806,1.570105068,0.072114331,3.89486,0.015406,-11.86123562
TYVQALFDFDPQEDGELGFRRGDLIHVMDNSDPNWWKGACHGQTGMFPRNYVTPVN,0.002359633,-0.940483883,-1.005891068,-0.249091,-0.0061515,0.094040394
TYVQALFDFDPQEDGELGFRRGDFIHLMDNSDPNWWKGACHGQTGMFPRNYVTPVN,-0.048645884,-0.446227444,-0.945557873,0.91306,0.0336405,-6.902684212
TYVQALFDFDPQEDGELGFRRGDFIHVMLNSDPNWWKGACHGQTGMFPRNYVTPVN,-0.390168931,1.771820669,-1.515259479,5.27157,0.047536,-12.43838692
TYVQALFDFDPQEDGELGFRRGDFIHVMDNLDPNWWKGACHGQTGMFPRNYVTPVN,-0.12138612,0.657253557,-1.440131116,2.36332,0.0695475,-7.141352654
TYVQALFDFDPQEDGELGFRRGDFIHVMDNSDPNLWKGACHGQTGMFPRNYVTPVN,-0.723934629,-0.260848648,0.596272503,3.08984,2.644886,-11.52140236
TYVQALFDFDPQEDGELGFRRGDFIHVMDNSDPNWLKGACHGQTGMFPRNYVTPVN,-0.271595874,-0.37567911,-0.411281927,-0.466693,0.0157425,-5.442271233
TYVQALFDFDPQEDGELGFRRGDFIHVMDNSDPNWWKGALHGQTGMFPRNYVTPVN,-0.085814914,-0.503867644,-1.767036633,3.88144,0.025504,-0.927058399
TYVQALFDFDPQEDGELGFRRGDFIHVMDNSDPNWWKGACHLQTGMFPRNYVTPVN,-0.279545146,1.090654634,-1.654456524,5.78444,0.0487255,-9.439727783
TYVQALFDFDPQEDGELGFRRGDFIHVMDNSDPNWWKGACHGQTLMFPRNYVTPVN,-0.952752701,1.096310937,4.460930641,24.0219,-0.445734,-11.53106499
TYVQALFDFDPQEDGELGFRRGDFIHVMDNSDPNWWKGACHGQTGMLPRNYVTPVN,-0.332078011,0.965922526,-1.148586087,6.35442,0.021724,-6.590394497
TYVQALFDFDPQEDGELGFRRGDFIHVMDNSDPNWWKGACHGQTGMFPRNLVTPVN,-0.656886641,-1.132226765,0.529036323,-0.271257,3.023242,-9.062397003
TYVQALFDFDPQEDGELGFRRGDFIHVMDNSDPNWWKGACHGQTGMFPRNYLTPVN,-0.580943604,1.325848379,-0.764366712,13.7731,0.0040875,-8.379751205
TYVQALFDFDPQEDGELGFRRGDFIHVMDNSDPNWWKGACHGQTGMFPRNYVTPLN,-0.034100593,-1.071619271,-0.812492638,5.66258,0.034154,-3.595432758
TYVQALFDFDPQEDGELGFRRGDFIHVMDNSDPNWWKGACHGQTGMFPRNYVTLVN,-0.00365689,-0.599737466,-1.061144674,1.43408,0.020633,-3.964027643
TYVQALFDFDPQEDGELGFRRGDFIHVMDNSDPNWWKGACHGQTGMFPRLYVTPVN,-0.335986031,-0.737189437,-1.286326385,0.376585,-0.319291,-9.953474045
TYVQALFDFDPQEDGELGFRRGDFIHVMDNSDPNWWKGACHGQTGMFPLNYVTPVN,-0.016419458,0.402446893,-1.496533214,0.679381,0.021993,-5.609185696
TYVQALFDFDPQEDGELGFRRGDFIHVMDNSDPNWWKGACHGQTGMFLRNYVTPVN,-0.551325053,0.206617269,-0.067384389,0.105063,0.0746545,-9.632036209
TYVQALFDFDPQEDGELGFRRGDFIHVMDNSDPNWWKGACHGQTGLFPRNYVTPVN,0.088987116,-0.798068942,-1.308497523,-0.432398,0.454317,-1.536823869
TYVQALFDFDPQEDGELGFRRGDFIHVMDNSDPNWWKGACHGLTGMFPRNYVTPVN,-0.013457305,-0.527426689,-1.045584167,-0.862302,0.038315,-4.496758461
TYVQALFDFDPQEDGELGFRRGDFIHVMDNSDPNWWKGACLGQTGMFPRNYVTPVN,-0.106262372,0.583508701,-1.526046244,1.60726,-0.031505,-5.973809719
TYVQALFDFDPQEDGELGFRRGDFIHVMDNSDPNWWKLACHGQTGMFPRNYVTPVN,-0.832029098,1.546518305,0.129827326,30.9466,0.421493,-15.83521557
TYVQALFDFDPQEDGELGFRRGDFIHVMDNSDPNWWLGACHGQTGMFPRNYVTPVN,0.043247596,-0.644829427,-1.500369366,-2.49454,0.228609,-4.322404385
TYVQALFDFDPQEDGELGFRRGDFIHVMDNSDLNWWKGACHGQTGMFPRNYVTPVN,-0.045465834,-0.079511005,-1.2012651,2.61548,-0.035298,-6.133690834
TYVQALFDFDPQEDGELGFRRGDFIHVLDNSDPNWWKGACHGQTGMFPRNYVTPVN,-0.007574351,-1.333418513,-0.920407738,-3.53617,0.0123255,-0.556523323
TYVQALFDFDPQEDGELGFRRGDFILVMDNSDPNWWKGACHGQTGMFPRNYVTPVN,0.013527379,-1.086445505,-1.045964308,-3.77893,-0.0170765,-4.070586205
TYVQALFDFDPQEDGELGFRRGDFLHVMDNSDPNWWKGACHGQTGMFPRNYVTPVN,-0.176296746,0.831273148,-1.329560085,1.57528,-0.036317,-5.628373623
TYVQALFDFDPQEDGELGFRLGDFIHVMDNSDPNWWKGACHGQTGMFPRNYVTPVN,-0.091757044,0.294724248,-1.221978106,3.33368,0.0384085,-7.787438393
TYVQALFDFDPQEDGELGFLRGDFIHVMDNSDPNWWKGACHGQTGMFPRNYVTPVN,-0.035908428,-0.030790088,-1.160966508,-2.36485,0.023509,-6.827085495
TYVQALFDFDPQLDGELGFRRGDFIHVMDNSDPNWWKGACHGQTGMFPRNYVTPVN,-0.832594378,-0.416157869,1.171714682,-2.01867,2.1873395,-6.39232111
TYVQALFDFDPLEDGELGFRRGDFIHVMDNSDPNWWKGACHGQTGMFPRNYVTPVN,0.056616051,-0.563407721,-1.260918629,1.34598,0.049644,-5.812162399
TYVQALFDFDLQEDGELGFRRGDFIHVMDNSDPNWWKGACHGQTGMFPRNYVTPVN,-0.405983535,1.361327352,-1.31380457,8.80156,0.4223905,-7.134510994
TYVQALFDFLPQEDGELGFRRGDFIHVMDNSDPNWWKGACHGQTGMFPRNYVTPVN,-0.15945452,-0.284263011,-0.59470818,-0.24218,-0.0124075,-2.770753384
TYVLALFDFDPQEDGELGFRRGDFIHVMDNSDPNWWKGACHGQTGMFPRNYVTPVN,-0.166367097,-0.554186012,-0.723613684,0.581639,-0.003922,-5.977574348
LYVQALFDFDPQEDGELGFRRGDFIHVMDNSDPNWWKGACHGQTGMFPRNYVTPVN,-0.039343248,-0.851885429,-0.975477113,-3.18487,-0.015047,-4.284430981
TYVMALFDFDPQEDGELGFRRGDFIHVMDNSDPNWWKGACHGQTGMFPRNYVTPVN,-0.532784611,-0.468165963,-0.714126226,1.53977,-0.004221,-6.213648796
TYVQALFDMDPQEDGELGFRRGDFIHVMDNSDPNWWKGACHGQTGMFPRNYVTPVN,-0.81120587,0.606461885,4.784589002,3.3097,0.5332225,-8.133038521
TYVQALFDFDPMEDGELGFRRGDFIHVMDNSDPNWWKGACHGQTGMFPRNYVTPVN,0.079497754,-0.38937946,-1.855298534,2.82028,-0.0804665,-5.934263229
TYVQALFDFDPQMDGELGFRRGDFIHVMDNSDPNWWKGACHGQTGMFPRNYVTPVN,-0.470635438,-0.544244077,-0.002040816,-0.547205,2.0792945,-6.095541
TYVQALFDFDPQEDGMLGFRRGDFIHVMDNSDPNWWKGACHGQTGMFPRNYVTPVN,-0.851686464,-1.621421316,5.614928956,-1.15705,2.224131,-7.02735281
TYVQALFDFDPQEDGEMGFRRGDFIHVMDNSDPNWWKGACHGQTGMFPRNYVTPVN,-0.206654397,0.154690254,-0.83293875,2.879,0.0504505,-8.637985229
TYVQALFDFDPQEDGELGFRMGDFIHVMDNSDPNWWKGACHGQTGMFPRNYVTPVN,-0.04174272,-0.454123354,-1.200969548,2.23232,0.0120075,-7.457029343
TYVQALFDFDPQEDGELGFRRGDFIHMMDNSDPNWWKGACHGQTGMFPRNYVTPVN,-0.347852911,0.752676313,-0.86391226,3.46514,0.0200035,-8.617893219
TYVQALFDFDPQEDGELGFRRGDFIHVMDNSDPNMWKGACHGQTGMFPRNYVTPVN,-0.960085329,-0.716094845,0.582779936,1.56311,3.12711,-12.64772034
TYVQALFDFDPQEDGELGFRRGDFIHVMDNSDPNWMKGACHGQTGMFPRNYVTPVN,-0.349300974,-0.184654258,-0.584373333,-0.563438,-0.0491955,-7.601512909
TYVQALFDFDPQEDGELGFRRGDFIHVMDNSDPNWWKGACHMQTGMFPRNYVTPVN,-0.172125654,0.613687821,-1.120018714,7.12506,0.010048,-9.763925552
TYVQALFDFDPQEDGELGFRRGDFIHVMDNSDPNWWKGACHGMTGMFPRNYVTPVN,0.04751406,-0.614169831,-1.428256185,0.229616,-0.0250885,-5.414196014
TYVQALFDFDPQEDGELGFRRGDFIHVMDNSDPNWWKGACHGQTGMFPRNYVTPMN,-0.037637666,-0.929834387,-0.842197967,2.58368,-0.013212,-4.784708023
TYVQALFDFDPQEDGELGFRRGDFIHVMDNSDPNWWKGACHGQTGMFPRNYVMPVN,-0.165343346,-0.847402182,-0.992566073,0.455538,0.010449,-4.373828888
TYVQALFDFDPQEDGELGFRRGDFIHVMDNSDPNWWKGACHGQTGMFPRMYVTPVN,-0.439306544,-0.731504837,0.019760926,1.44061,-0.1385,-9.816087723
TYVQALFDFDPQEDGELGFRRGDFIHVMDNSDPNWWKGACHGQMGMFPRNYVTPVN,0.060382038,-0.735839195,-1.014921682,1.90853,0.045008,-5.707052231
TYVQALFDFDPQEDGELGFRRGDFIHVMDNSDPNWWMGACHGQTGMFPRNYVTPVN,-0.145339111,-0.563186523,-1.635338378,-1.02847,0.324437,-4.551170826
TYVQALFDFDPQEDGELGFRRGDFMHVMDNSDPNWWKGACHGQTGMFPRNYVTPVN,-0.638411736,0.719149944,-0.373900869,5.07908,0.1102205,-8.210790634
MYVQALFDFDPQEDGELGFRRGDFIHVMDNSDPNWWKGACHGQTGMFPRNYVTPVN,-0.033309535,-0.945145882,-1.135068192,-3.40075,-0.03262,-1.587392569
TNVQALFDFDPQEDGELGFRRGDFIHVMDNSDPNWWKGACHGQTGMFPRNYVTPVN,-0.035080302,-0.279649339,-1.075832976,2.46435,-0.015759,-3.4061203
TYNQALFDFDPQEDGELGFRRGDFIHVMDNSDPNWWKGACHGQTGMFPRNYVTPVN,-0.582506666,1.170273529,-0.898330101,7.94387,-0.0881,-10.83098412
TYVNALFDFDPQEDGELGFRRGDFIHVMDNSDPNWWKGACHGQTGMFPRNYVTPVN,-0.074008128,0.95538417,-2.685848306,7.37187,0.0498315,-7.445570946
TYVQANFDFDPQEDGELGFRRGDFIHVMDNSDPNWWKGACHGQTGMFPRNYVTPVN,-0.132995322,0.967233875,-1.617647899,4.57345,-0.0460475,-1.780008078
TYVQALNDFDPQEDGELGFRRGDFIHVMDNSDPNWWKGACHGQTGMFPRNYVTPVN,-0.667562409,-0.348242462,-0.5364518,1.49779,3.6352415,-10.28098679
TYVQALFNFDPQEDGELGFRRGDFIHVMDNSDPNWWKGACHGQTGMFPRNYVTPVN,-0.018460205,-0.252304812,-1.142786795,3.08056,9.70E-05,-5.979548454
TYVQALFDNDPQEDGELGFRRGDFIHVMDNSDPNWWKGACHGQTGMFPRNYVTPVN,-0.834029057,-0.301693911,1.305517742,6.33789,0.899523,-7.172347546
TYVQALFDFNPQEDGELGFRRGDFIHVMDNSDPNWWKGACHGQTGMFPRNYVTPVN,-0.040352763,-0.871050295,-0.867989899,-0.836105,-0.028961,-2.94228363
TYVQALFDFDNQEDGELGFRRGDFIHVMDNSDPNWWKGACHGQTGMFPRNYVTPVN,-0.202570193,0.375632721,-1.218726013,7.05252,0.0463655,-7.641502857
TYVQALFDFDPQNDGELGFRRGDFIHVMDNSDPNWWKGACHGQTGMFPRNYVTPVN,-0.462142535,-1.225919498,0.056544275,-1.48901,2.366514,-3.056601524
TYVQALFDFDPQENGELGFRRGDFIHVMDNSDPNWWKGACHGQTGMFPRNYVTPVN,-0.092356275,-0.26725796,-0.939870383,1.09593,0.006851,-4.384683609
TYVQALFDFDPQEDGELNFRRGDFIHVMDNSDPNWWKGACHGQTGMFPRNYVTPVN,0.000306732,-0.15332832,-0.835872533,0.476279,0.0835505,-6.581046104
TYVQALFDFDPQEDGELGNRRGDFIHVMDNSDPNWWKGACHGQTGMFPRNYVTPVN,-0.672122143,1.557990818,-0.490569357,10.5517,0.085115,-13.15505981
TYVQALFDFDPQEDGELGFNRGDFIHVMDNSDPNWWKGACHGQTGMFPRNYVTPVN,-0.005056904,-0.356856546,-1.119171855,-1.04467,0.048519,-6.44872427
TYVQALFDFDPQEDGELGFRRGNFIHVMDNSDPNWWKGACHGQTGMFPRNYVTPVN,-0.154977821,0.938461259,-1.541015769,6.2743,-0.015248,-7.827297211
TYVQALFDFDPQEDGELGFRRGDNIHVMDNSDPNWWKGACHGQTGMFPRNYVTPVN,-0.093327151,0.373528374,-1.643435677,3.59632,-0.021239,-5.336615086
TYVQALFDFDPQEDGELGFRRGDFNHVMDNSDPNWWKGACHGQTGMFPRNYVTPVN,-0.827185409,0.602753611,0.707356472,13.643,-0.0026495,-15.17172146
TYVQALFDFDPQEDGELGFRRGDFINVMDNSDPNWWKGACHGQTGMFPRNYVTPVN,-0.011076977,-0.430359223,-1.080315681,-0.603807,-0.032183,-3.531592369
TYVQALFDFDPQEDGELGFRRGDFIHNMDNSDPNWWKGACHGQTGMFPRNYVTPVN,-0.671419554,1.650287131,-1.680664239,9.475,-0.0204445,-10.08308029
TYVQALFDFDPQEDGELGFRRGDFIHVNDNSDPNWWKGACHGQTGMFPRNYVTPVN,-0.035556823,0.334311409,-1.401807044,0.816228,0.007253,-4.692254543
TYVQALFDFDPQEDGELGFRRGDFIHVMNNSDPNWWKGACHGQTGMFPRNYVTPVN,-0.12632648,0.006564774,-0.970986641,1.49406,-0.0088305,-7.972620487
TYVQALFDFDPQEDGELGFRRGDFIHVMDNSNPNWWKGACHGQTGMFPRNYVTPVN,-0.100908633,-0.461988498,-0.800946373,-5.10057,-0.24476,-9.416065216
TYVQALFDFDPQEDGELGFRRGDFIHVMDNSDNNWWKGACHGQTGMFPRNYVTPVN,-0.108987405,-0.416219098,-0.877478561,3.0744,-0.0584795,-5.695405006
TYVQALFDFDPQEDGELGFRRGDFIHVMDNSDPNWWKGNCHGQTGMFPRNYVTPVN,-0.137216497,-0.451287767,-0.893999115,2.88237,-0.0658065,-4.273285866
TYVQALFDFDPQEDGELGFRRGDFIHVMDNSDPNWWKGANHGQTGMFPRNYVTPVN,-0.12633652,0.745407449,-1.481753038,4.94769,0.033015,-5.775389194
TYVQALFDFDPQEDGELGFRRGDFIHVMDNSDPNWWKGACNGQTGMFPRNYVTPVN,0.018432746,-1.000503344,-1.033466666,2.07702,0.028325,-2.589524508
TYVQALFDFDPQEDGELGFRRGDFIHVMDNSDPNWWKGACHGNTGMFPRNYVTPVN,-0.017946889,-0.769982014,-0.987001885,0.607972,0.0115715,-4.425668716
TYVQALFDFDPQEDGELGFRRGDFIHVMDNSDPNWWKGACHGQNGMFPRNYVTPVN,-0.021204657,-0.068003633,-1.187656475,2.37648,0.028151,-5.720210552
TYVQALFDFDPQEDGELGFRRGDFIHVMDNSDPNWWKGACHGQTNMFPRNYVTPVN,-0.823418289,1.332985993,-1.592295291,18.9527,-0.2960485,-10.3841486
TYVQALFDFDPQEDGELGFRRGDFIHVMDNSDPNWWKGACHGQTGMNPRNYVTPVN,-0.707739824,1.967114869,-0.613060835,15.4877,0.0089925,-14.22622681
TYVQALFDFDPQEDGELGFRRGDFIHVMDNSDPNWWKGACHGQTGMFNRNYVTPVN,-0.722373166,-0.49142854,-0.258071593,3.00441,0.2800055,-12.93521023
TYVQALFDFDPQEDGELGFRRGDFIHVMDNSDPNWWKGACHGQTGMFPNNYVTPVN,0.032660828,-0.014302793,-1.645373892,3.07365,0.005611,-3.272882938
TYVQALFDFDPQEDGELGFRRGDFIHVMDNSDPNWWKGACHGQTGMFPRNNVTPVN,-0.890798759,0.470499232,1.199914798,3.35017,3.7895095,-10.58584118
TYVQALFDFDPQEDGELGFRRGDFIHVMDNSDPNWWKGACHGQTGMFPRNYNTPVN,-0.616753945,1.178105078,-0.716716233,10.4288,-0.140302,-10.41787815
TYVQALFDFDPQEDGELGFRRGDFIHVMDNSDPNWWKGACHGQTGMFPRNYVNPVN,-0.038910879,-0.347151004,-0.987835319,5.44657,-0.043627,-4.529091835
TYVQALFDFDPQEDGELGFRRGDFIHVMDNSDPNWWKGACHGQTGMFPRNYVTNVN,-0.070722052,-0.995780958,-0.722321059,3.42651,0.042796,-5.142307758
TYVQALFDFDPQEDGELGFRRGDFIHVMDNSDPNWWNGACHGQTGMFPRNYVTPVN,0.03481924,0.216176552,-1.560637719,1.98374,0.405693,-5.059836388
TYPQALFDFDPQEDGELGFRRGDFIHVMDNSDPNWWKGACHGQTGMFPRNYVTPVN,-0.217978241,1.562768172,-1.977156764,31.5595,0.5002355,-11.71211243
TYVQPLFDFDPQEDGELGFRRGDFIHVMDNSDPNWWKGACHGQTGMFPRNYVTPVN,-0.655987114,1.283584299,-0.448739002,15.1746,0.0660895,-9.447470665
TYVQAPFDFDPQEDGELGFRRGDFIHVMDNSDPNWWKGACHGQTGMFPRNYVTPVN,-0.705604434,-0.803864743,0.888929881,18.4798,-0.3629085,-13.32654953
TYVQALFDPDPQEDGELGFRRGDFIHVMDNSDPNWWKGACHGQTGMFPRNYVTPVN,-0.932933729,1.872752584,-0.181939294,19.9596,1.282118,-12.07393456
TYVQALFDFDPQEDGEPGFRRGDFIHVMDNSDPNWWKGACHGQTGMFPRNYVTPVN,-0.762205589,0.868329822,0.191865257,20.0281,0.3789615,-13.87355995
TYVQALFDFDPQEDGELGPRRGDFIHVMDNSDPNWWKGACHGQTGMFPRNYVTPVN,-0.637008356,1.891008879,-1.148833053,24.4553,-0.3411675,-14.17442894
TYVQALFDFDPQEDGELGFPRGDFIHVMDNSDPNWWKGACHGQTGMFPRNYVTPVN,-0.83674002,1.056880818,0.226199339,5.92212,0.1091715,-12.95328522
TYVQALFDFDPQEDGELGFRPGDFIHVMDNSDPNWWKGACHGQTGMFPRNYVTPVN,-0.4749581,1.022380916,-0.875610004,7.56976,-0.0219025,-7.883143425
TYVQALFDFDPQEDGELGFRRGDPIHVMDNSDPNWWKGACHGQTGMFPRNYVTPVN,-0.109537936,0.849699105,-1.550735983,0.64815,0.0986475,-6.608587742
TYVQALFDFDPQEDGELGFRRGDFIHVMDNPDPNWWKGACHGQTGMFPRNYVTPVN,-0.647122623,2.016015166,-1.402253652,15.0361,-0.0511,-8.059058189
TYVQALFDFDPQEDGELGFRRGDFIHVMDNSDPNWWKGPCHGQTGMFPRNYVTPVN,-0.806063887,2.351348934,-0.721882398,14.1174,-0.107279,-10.82752037
TYVQALFDFDPQEDGELGFRRGDFIHVMDNSDPNWWKGACHGQTPMFPRNYVTPVN,-0.72241023,1.641261273,-0.418146717,31.3379,-0.189801,-14.02999306
TYVQALFDFDPQEDGELGFRRGDFIHVMDNSDPNWWKGACHGQTGMPPRNYVTPVN,-0.770123466,1.598408618,0.228912009,31.6455,0.886578,-15.98173046
TYVQALFDFDPQEDGELGFRRGDFIHVMDNSDPNWWKGACHGQTGMFPPNYVTPVN,-0.427157952,-0.622277245,0.114921223,5.36333,0.2755225,-4.720217705
TYVQALFDFDPQEDGELGFRRGDFIHVMDNSDPNWWKGACHGQTGMFPRNYPTPVN,-0.450800827,2.174836992,-2.029544922,25.322,1.69186,-12.07782364
TYVQALFDFDPQEDGELGFRRGDFIHVMDNSDPNWWKGACHGQTGMFPRNYVTPPN,-0.083621188,-0.670536167,-1.235626588,18.4351,-0.0054625,-6.730494976
TYVQALFDFDPQEDGELGFRRGDFIHVMDNSDPNWWKGACHGQTGMFPRNYVPPVN,-0.842975483,1.408870905,-0.424284151,21.6551,0.1976965,-9.817012787
TYVQALFDFDPQEDGELGFRRGDFIHVMDNSDPNWWKGACHGQPGMFPRNYVTPVN,-0.415701161,1.228457486,-1.255722662,0.885877,0.014704,-7.234383583
TYVQALFDFDPQEDGELGFRRGDFIHVMDNSDPNWWKGACHGPTGMFPRNYVTPVN,-0.729384259,1.462550784,-0.499793263,13.1147,0.13269,-10.09157658
TYVQALFDFDPQEDGELGFRRGDFIHVMDNSDPNWWKGACPGQTGMFPRNYVTPVN,-0.482544976,1.801477111,-1.61162175,63.809,0.619682,-10.51374245
TYVQALFDFDPQEDGELGFRRGDFIHVPDNSDPNWWKGACHGQTGMFPRNYVTPVN,-0.719160987,1.632019998,-0.978670927,19.2416,0.5468555,-7.102596283
TYVQALFDFDPQEDGELGFRRGDFIPVMDNSDPNWWKGACHGQTGMFPRNYVTPVN,-0.640522563,0.830468614,0.086151931,8.8006,0.014538,-7.589823723
TYVQALFDFDPPEDGELGFRRGDFIHVMDNSDPNWWKGACHGQTGMFPRNYVTPVN,-0.707550827,0.461458504,0.03933869,8.26699,1.062377,-7.41219902
TYVPALFDFDPQEDGELGFRRGDFIHVMDNSDPNWWKGACHGQTGMFPRNYVTPVN,-0.820586739,1.35567135,-0.475004009,27.129,0.1897495,-9.418148041
PYVQALFDFDPQEDGELGFRRGDFIHVMDNSDPNWWKGACHGQTGMFPRNYVTPVN,0.020414238,-0.460947209,-1.262490429,0.944683,0.003802,-5.453416824
TQVQALFDFDPQEDGELGFRRGDFIHVMDNSDPNWWKGACHGQTGMFPRNYVTPVN,0.009279788,-0.709005517,-0.887333456,2.86588,-0.0096235,-1.725362659
TYVQAQFDFDPQEDGELGFRRGDFIHVMDNSDPNWWKGACHGQTGMFPRNYVTPVN,-0.248958903,-0.31966781,-0.772818022,5.04313,0.0506045,-3.935781002
TYVQALFQFDPQEDGELGFRRGDFIHVMDNSDPNWWKGACHGQTGMFPRNYVTPVN,-0.067608897,0.985699507,-1.59762919,3.659,-0.074336,-8.888454437
TYVQALFDFDQQEDGELGFRRGDFIHVMDNSDPNWWKGACHGQTGMFPRNYVTPVN,-0.091624516,0.439187888,-1.642394713,6.34813,0.552892,-6.414676189
TYVQALFDFDPQQDGELGFRRGDFIHVMDNSDPNWWKGACHGQTGMFPRNYVTPVN,-0.45011334,-0.375079789,0.068043248,-0.2836,1.3637795,-2.795591116
TYVQALFDFDPQEDQELGFRRGDFIHVMDNSDPNWWKGACHGQTGMFPRNYVTPVN,-0.373758354,0.217934944,-0.57030734,7.9627,0.2341925,-7.449945927
TYVQALFDFDPQEDGEQGFRRGDFIHVMDNSDPNWWKGACHGQTGMFPRNYVTPVN,-0.844757988,0.852416688,0.632572247,8.02044,-0.0420775,-14.87507248
TYVQALFDFDPQEDGELGFQRGDFIHVMDNSDPNWWKGACHGQTGMFPRNYVTPVN,0.002263841,-0.61310912,-1.156939924,0.17119,-0.0313625,-5.640758514
TYVQALFDFDPQEDGELGFRQGDFIHVMDNSDPNWWKGACHGQTGMFPRNYVTPVN,-0.005812758,-0.870072368,-0.995801428,0.457187,-0.051047,-5.019497871
TYVQALFDFDPQEDGELGFRRQDFIHVMDNSDPNWWKGACHGQTGMFPRNYVTPVN,-0.390589379,1.129841339,-1.091307388,8.83818,0.0078065,-8.610175133
TYVQALFDFDPQEDGELGFRRGDFIQVMDNSDPNWWKGACHGQTGMFPRNYVTPVN,0.002673387,-0.992733025,-1.006712821,-1.4716,0.0420375,-0.881668568
TYVQALFDFDPQEDGELGFRRGDFIHVMDNQDPNWWKGACHGQTGMFPRNYVTPVN,-0.095367449,-0.248923054,-0.855280812,2.67905,0.0498075,-5.782164097
TYVQALFDFDPQEDGELGFRRGDFIHVMDNSDQNWWKGACHGQTGMFPRNYVTPVN,-0.02080417,-0.413024785,-0.938442896,3.96246,-0.1521895,-5.114619732
TYVQALFDFDPQEDGELGFRRGDFIHVMDNSDPNQWKGACHGQTGMFPRNYVTPVN,-0.85387448,-0.166723713,0.941457235,4.3913,3.372833,-14.2922945
TYVQALFDFDPQEDGELGFRRGDFIHVMDNSDPNWQKGACHGQTGMFPRNYVTPVN,-0.678809446,1.229374245,-0.734293464,4.00823,-0.0258265,-9.377177238
TYVQALFDFDPQEDGELGFRRGDFIHVMDNSDPNWWKGACQGQTGMFPRNYVTPVN,-0.021467028,-0.383712019,-0.991648532,4.78213,-0.014136,-4.489669323
TYVQALFDFDPQEDGELGFRRGDFIHVMDNSDPNWWKGACHGQTGMFQRNYVTPVN,-0.098137409,0.04622572,-1.352151099,3.9579,-0.273746,-11.5980835
TYVQALFDFDPQEDGELGFRRGDFIHVMDNSDPNWWKGACHGQTGMFPQNYVTPVN,-0.150175909,-0.18630234,-1.063784892,1.95293,0.127631,-3.653269768
TYVQALFDFDPQEDGELGFRRGDFIHVMDNSDPNWWKGACHGQTGMFPRNQVTPVN,-0.606757387,0.371576913,0.077802278,2.4453,3.685199,-12.86204338
TYVQALFDFDPQEDGELGFRRGDFIHVMDNSDPNWWKGACHGQTGMFPRNYVTQVN,-0.001727917,-0.755636285,-0.969546752,3.84731,-0.0128965,-4.142158985
TYVQALFDFDPQEDGELGFRRGDFIHVMDNSDPNWWKGACHGQTGMFPRNYVTPQN,-0.08814354,-0.615812615,-0.730003839,3.77988,0.044077,-6.561039925
TYVQALFDFDPQEDGELGFRRGDFIHVMDNSDPNWWKGACHGQTGMFPRQYVTPVN,-0.024841851,-1.068086919,-0.880336544,0.29445,-0.085646,-7.525437832
TYVQALFDFDPQEDGELGFRRGDFIHVMDNSDPNWWQGACHGQTGMFPRNYVTPVN,0.090570539,-0.457942949,-1.293676467,0.0758131,0.230304,-4.143349648
TRVQALFDFDPQEDGELGFRRGDFIHVMDNSDPNWWKGACHGQTGMFPRNYVTPVN,0.054972896,-0.790241909,-1.001665743,2.58923,0.0464355,-1.975568652
TYVRALFDFDPQEDGELGFRRGDFIHVMDNSDPNWWKGACHGQTGMFPRNYVTPVN,0.002750497,-0.867516197,-1.046091644,2.81553,0.033757,-3.664179802
TYVQALFRFDPQEDGELGFRRGDFIHVMDNSDPNWWKGACHGQTGMFPRNYVTPVN,-0.137698798,1.207851527,-1.907951899,5.96525,-0.0252495,-9.311922073
TYVQALFDFDPREDGELGFRRGDFIHVMDNSDPNWWKGACHGQTGMFPRNYVTPVN,-0.210005223,-0.788579739,-0.434764263,3.25463,0.00834,-5.01215601
TYVQALFDFDPQRDGELGFRRGDFIHVMDNSDPNWWKGACHGQTGMFPRNYVTPVN,-0.84850244,-0.915179681,0.994295252,-2.91972,1.7757515,-5.632853508
TYVQALFDFDPQERGELGFRRGDFIHVMDNSDPNWWKGACHGQTGMFPRNYVTPVN,-0.106516474,-0.321767407,-0.999887737,1.91378,-0.0488305,-4.681224823
TYVQALFDFDPQEDRELGFRRGDFIHVMDNSDPNWWKGACHGQTGMFPRNYVTPVN,-0.536629179,0.053755456,0.017149887,6.55995,-0.158147,-8.145396233
TYVQALFDFDPQEDGRLGFRRGDFIHVMDNSDPNWWKGACHGQTGMFPRNYVTPVN,-0.938426174,-0.660979472,0.529830959,3.46999,4.183585,-8.500336647
TYVQALFDFDPQEDGERGFRRGDFIHVMDNSDPNWWKGACHGQTGMFPRNYVTPVN,-0.847840213,1.618323411,0.219730452,19.5791,0.141484,-13.15040493
TYVQALFDFDPQEDGELRFRRGDFIHVMDNSDPNWWKGACHGQTGMFPRNYVTPVN,0.046548121,-0.751840531,-0.774075487,6.18355,0.13084,-3.757666349
TYVQALFDFDPQEDGELGRRRGDFIHVMDNSDPNWWKGACHGQTGMFPRNYVTPVN,-0.298297652,1.506431157,-1.568186601,17.404,0.001004,-14.08992958
TYVQALFDFDPQEDGELGFRRRDFIHVMDNSDPNWWKGACHGQTGMFPRNYVTPVN,-0.319443862,1.17291483,-1.450625702,11.3172,-0.0051005,-7.797798634
TYVQALFDFDPQEDGELGFRRGDFRHVMDNSDPNWWKGACHGQTGMFPRNYVTPVN,-0.856611408,1.802512595,-1.182614153,24.6796,0.261347,-14.97156239
TYVQALFDFDPQEDGELGFRRGDFIHVRDNSDPNWWKGACHGQTGMFPRNYVTPVN,-0.059824065,0.007929074,-1.024822334,1.59102,0.0274625,-5.78458786
TYVQALFDFDPQEDGELGFRRGDFIHVMDNRDPNWWKGACHGQTGMFPRNYVTPVN,-0.011959583,-0.137968841,-1.112777787,-2.7073,0.0060665,-5.982102394
TYVQALFDFDPQEDGELGFRRGDFIHVMDNSDPNRWKGACHGQTGMFPRNYVTPVN,-0.818484503,-0.633701052,1.311990861,5.4098,4.4665445,-11.27258492
TYVQALFDFDPQEDGELGFRRGDFIHVMDNSDPNWRKGACHGQTGMFPRNYVTPVN,-0.851483324,0.90577603,0.501231707,4.821,-0.0892015,-9.441486359
TYVQALFDFDPQEDGELGFRRGDFIHVMDNSDPNWWKRACHGQTGMFPRNYVTPVN,-0.813608685,1.48367867,-0.128939371,39.241,0.3472825,-12.22661114
TYVQALFDFDPQEDGELGFRRGDFIHVMDNSDPNWWKGARHGQTGMFPRNYVTPVN,-0.0799285,0.227909505,-1.303142672,5.27475,-0.0214845,-3.295078516
TYVQALFDFDPQEDGELGFRRGDFIHVMDNSDPNWWKGACHRQTGMFPRNYVTPVN,-0.178786492,0.417186972,-1.1333938,5.57997,0.003919,-7.681315899
TYVQALFDFDPQEDGELGFRRGDFIHVMDNSDPNWWKGACHGRTGMFPRNYVTPVN,-0.044276668,-1.180986241,-0.760000926,0.585211,-0.037649,-2.087440729
TYVQALFDFDPQEDGELGFRRGDFIHVMDNSDPNWWKGACHGQTRMFPRNYVTPVN,-0.709399941,1.201139751,-0.39934363,12.7938,-0.151065,-7.087513447
TYVQALFDFDPQEDGELGFRRGDFIHVMDNSDPNWWKGACHGQTGRFPRNYVTPVN,-0.787480168,-1.322731629,0.949015509,0.309053,-0.7544325,-6.821829796
TYVQALFDFDPQEDGELGFRRGDFIHVMDNSDPNWWKGACHGQTGMFPRNRVTPVN,-0.487398087,-0.82440592,0.122306272,3.16789,2.2903155,-8.318404198
TYVQALFDFDPQEDGELGFRRGDFIHVMDNSDPNWWKGACHGQTGMFPRNYVTPVR,-0.249800278,-0.440958929,-1.102458642,-0.406437,-0.002952,-4.056250572
TYVQALFDFDPQEDGELGFRRGDFIHVMDNSDPNWWKGACHGQTGMFPRNYVTRVN,-0.05064911,-0.293659949,-0.882535572,4.11689,-0.0239725,-4.164625168
TYVQALFDFDPQEDGELGFRRGDFIHVMDNSDPNWWKGACHGQTGMFPRNYVRPVN,0.060904583,-1.124024286,-1.456668407,-0.416909,-0.0283385,-3.526926517
TYVQALFDFDPQEDGELGFRRGDFIHVMDNSDPNWWKGACHGQTGMFPRRYVTPVN,-0.420871596,-1.274817989,-0.023933994,1.22121,-0.210076,-7.984810352
TYVQALFDFDPQEDGELGFRRGDFIHVMDNSDPNWWKGACHGQTGMFRRNYVTPVN,-0.454075772,-0.321241146,0.142585312,3.37258,-0.5494595,-11.91743469
TYVQALFDFDPQEDGELGFRRGDFIHVMDNSDPNWWKGACHGQRGMFPRNYVTPVN,-0.063900634,-0.275876391,-1.25259959,1.76587,-0.035972,-5.289959908
TYVQALFDFDPQEDGELGFRRGDFIHVMDNSDPNWWKGACRGQTGMFPRNYVTPVN,-0.090804498,-0.828246347,-0.764889301,3.6775,-0.045164,-2.293083668
TYVQALFDFDPQEDGELGFRRGDFIHVMDNSDPNWWRGACHGQTGMFPRNYVTPVN,-0.030684949,-0.477180183,-1.089604037,0.152681,-0.3012835,-2.702538729
TYVQALFDFDPQEDGELGFRRGDFIHVMDNSDPRWWKGACHGQTGMFPRNYVTPVN,-0.380992643,-0.552738929,-0.082469274,1.69197,-0.1787815,-6.209528446
TYVQALFDFDPQEDGELGFRRGDFIHVMDRSDPNWWKGACHGQTGMFPRNYVTPVN,-0.066074296,-0.795293923,-1.160553916,1.32677,-0.090103,-3.321182728
TYVQALFDFDPQEDGELGFRRGDFIRVMDNSDPNWWKGACHGQTGMFPRNYVTPVN,-0.023969043,-0.930658609,-0.998127371,-0.790871,-0.0016095,-3.40748024
TYVQALFDFDRQEDGELGFRRGDFIHVMDNSDPNWWKGACHGQTGMFPRNYVTPVN,-0.205680864,0.407489093,-0.889289432,6.18763,0.4677705,-5.403936863
RYVQALFDFDPQEDGELGFRRGDFIHVMDNSDPNWWKGACHGQTGMFPRNYVTPVN,-0.115571773,-0.585705351,-0.797283674,1.07721,-0.010384,-3.923249483
TSVQALFDFDPQEDGELGFRRGDFIHVMDNSDPNWWKGACHGQTGMFPRNYVTPVN,0.044624587,-0.268061038,-1.077839886,3.34298,0.06984,-2.824165344
TYVQALSDFDPQEDGELGFRRGDFIHVMDNSDPNWWKGACHGQTGMFPRNYVTPVN,-0.686434,-0.358907888,0.664878058,3.90386,4.4027555,-10.21596909
TYVQALFSFDPQEDGELGFRRGDFIHVMDNSDPNWWKGACHGQTGMFPRNYVTPVN,-0.123991168,0.347116403,-1.155012787,2.2683,-0.01728,-6.19568634
TYVQALFDSDPQEDGELGFRRGDFIHVMDNSDPNWWKGACHGQTGMFPRNYVTPVN,-0.801401048,0.222687072,0.803655286,8.71195,0.807926,-9.380620956
TYVQALFDFSPQEDGELGFRRGDFIHVMDNSDPNWWKGACHGQTGMFPRNYVTPVN,0.0762799,-0.486289823,-1.335411455,0.121512,0.0650975,-1.778086901
TYVQALFDFDSQEDGELGFRRGDFIHVMDNSDPNWWKGACHGQTGMFPRNYVTPVN,-0.201482838,-0.309787718,-0.678254107,5.70543,-0.1425045,-4.694854736
TYVQALFDFDPQESGELGFRRGDFIHVMDNSDPNWWKGACHGQTGMFPRNYVTPVN,-0.127814018,-0.447027782,-1.277085411,0.546243,0.009933,-3.362110138
TYVQALFDFDPQEDSELGFRRGDFIHVMDNSDPNWWKGACHGQTGMFPRNYVTPVN,-0.391936241,-0.009282177,-0.37821454,6.26483,0.0921515,-6.593628407
TYVQALFDFDPQEDGELSFRRGDFIHVMDNSDPNWWKGACHGQTGMFPRNYVTPVN,-0.069722212,-0.904281654,-0.810046585,-1.30912,0.079234,-4.339800835
TYVQALFDFDPQEDGELGSRRGDFIHVMDNSDPNWWKGACHGQTGMFPRNYVTPVN,-0.79757829,1.471719752,-0.338459284,12.6901,0.0420825,-12.51366043
TYVQALFDFDPQEDGELGFSRGDFIHVMDNSDPNWWKGACHGQTGMFPRNYVTPVN,0.008288688,-0.540431947,-1.132358797,-1.17728,0.0789275,-5.210914135
TYVQALFDFDPQEDGELGFRSGDFIHVMDNSDPNWWKGACHGQTGMFPRNYVTPVN,-0.150844256,-0.527419645,-0.956095024,1.82062,0.0242905,-6.338471889
TYVQALFDFDPQEDGELGFRRSDFIHVMDNSDPNWWKGACHGQTGMFPRNYVTPVN,-0.074711819,1.104688254,-2.069042953,5.93399,0.030995,-7.449115753
TYVQALFDFDPQEDGELGFRRGSFIHVMDNSDPNWWKGACHGQTGMFPRNYVTPVN,-0.186240522,0.911878761,-1.451509648,6.01579,-0.029575,-7.01012373
TYVQALFDFDPQEDGELGFRRGDSIHVMDNSDPNWWKGACHGQTGMFPRNYVTPVN,-0.035147136,0.016231286,-1.245174733,4.37822,0.039456,-4.801318645
TYVQALFDFDPQEDGELGFRRGDFSHVMDNSDPNWWKGACHGQTGMFPRNYVTPVN,-0.886899079,1.729775017,-0.673621067,14.3641,0.0894505,-14.1131897
TYVQALFDFDPQEDGELGFRRGDFISVMDNSDPNWWKGACHGQTGMFPRNYVTPVN,-0.050465103,-0.542738569,-1.133057609,0.10641,-0.0202205,-3.639771461
TYVQALFDFDPQEDGELGFRRGDFIHVSDNSDPNWWKGACHGQTGMFPRNYVTPVN,-0.018535974,-0.303762797,-1.216414701,3.98767,0.022201,-2.773035526
TYVQALFDFDPQEDGELGFRRGDFIHVMSNSDPNWWKGACHGQTGMFPRNYVTPVN,-0.289393479,0.826738365,-1.464480028,5.62525,-0.0926745,-9.481586456
TYVQALFDFDPQEDGELGFRRGDFIHVMDNSSPNWWKGACHGQTGMFPRNYVTPVN,-0.557002187,0.086015058,-0.174925091,-3.72145,-0.0101175,-10.52365017
TYVQALFDFDPQEDGELGFRRGDFIHVMDNSDPNSWKGACHGQTGMFPRNYVTPVN,-0.744259043,0.206761234,0.422487155,6.01868,3.8376325,-12.85273933
TYVQALFDFDPQEDGELGFRRGDFIHVMDNSDPNWSKGACHGQTGMFPRNYVTPVN,-0.539680949,1.084309754,-0.831315052,7.67978,-0.0319985,-6.787864208
TYVQALFDFDPQEDGELGFRRGDFIHVMDNSDPNWWKSACHGQTGMFPRNYVTPVN,-1.00287661,1.889802289,3.917554935,10.1261,0.192345,-12.62167931
TYVQALFDFDPQEDGELGFRRGDFIHVMDNSDPNWWKGASHGQTGMFPRNYVTPVN,-0.049621921,0.190058556,-1.251915469,3.15251,-0.011714,-4.535509586
TYVQALFDFDPQEDGELGFRRGDFIHVMDNSDPNWWKGACSGQTGMFPRNYVTPVN,-0.029312716,0.073284057,-1.259621428,4.8653,-0.0080915,-5.001874447
TYVQALFDFDPQEDGELGFRRGDFIHVMDNSDPNWWKGACHSQTGMFPRNYVTPVN,-0.162026036,0.303433265,-1.14269787,4.94275,0.01098,-6.651268959
TYVQALFDFDPQEDGELGFRRGDFIHVMDNSDPNWWKGACHGQTSMFPRNYVTPVN,-0.786704579,1.079236968,0.000995252,15.6171,-0.3636385,-9.310379982
TYVQALFDFDPQEDGELGFRRGDFIHVMDNSDPNWWKGACHGQTGSFPRNYVTPVN,-0.083232686,-0.493694216,-0.91856224,3.65204,-0.211193,-3.858780384
TYVQALFDFDPQEDGELGFRRGDFIHVMDNSDPNWWKGACHGQTGMSPRNYVTPVN,-0.747350449,1.426525501,-0.283891666,17.07,-0.055236,-12.10916328
TYVQALFDFDPQEDGELGFRRGDFIHVMDNSDPNWWKGACHGQTGMFPSNYVTPVN,0.110909249,-1.362838405,-1.256018936,1.84121,-0.016328,-0.368724823
TYVQALFDFDPQEDGELGFRRGDFIHVMDNSDPNWWKGACHGQTGMFPRNSVTPVN,-0.8759428,-0.172256847,1.364326398,2.78588,3.722415,-11.18597794
TYVQALFDFDPQEDGELGFRRGDFIHVMDNSDPNWWKGACHGQTGMFPRNYVTSVN,-0.017400633,-0.793761979,-0.955604766,3.72912,-0.004197,-4.552966118
TYVQALFDFDPQEDGELGFRRGDFIHVMDNSDPNWWKGACHGQTGMFPRNYVTPVS,-0.059862752,-0.586655373,-0.878493455,-1.09385,-0.021407,-3.005357981
TYVQALFDFDPQEDGELGFRRGDFIHVMDNSDPNWWKGACHGQTGMFPRNYVTPSN,-0.036199412,-0.676386394,-0.930877578,5.53621,0.0079215,-5.644690514
TYVQALFDFDPQEDGELGFRRGDFIHVMDNSDPNWWKGACHGQTGMFPRNYVSPVN,-0.022507575,-0.529116554,-1.090844825,2.26939,0.0491585,-4.34855938
TYVQALFDFDPQEDGELGFRRGDFIHVMDNSDPNWWKGACHGQTGMFPRNYSTPVN,-0.150927602,1.238075953,-1.703974716,8.81804,-0.072291,-6.958097458
TYVQALFDFDPQEDGELGFRRGDFIHVMDNSDPNWWKGACHGQTGMFPRSYVTPVN,-0.058720857,-1.380984342,-0.672770355,0.266319,0.31695,-4.167218208
TYVQALFDFDPQEDGELGFRRGDFIHVMDNSDPNWWKGACHGQTGMFSRNYVTPVN,-0.540656241,0.314462842,-0.24906617,3.42433,0.4322835,-9.070048332
TYVQALFDFDPQEDGELGFRRGDFIHVMDNSDPNWWKGACHGQSGMFPRNYVTPVN,0.004375553,-0.603628345,-1.08591244,1.20103,-0.0892495,-4.202280045
TYVQALFDFDPQEDGELGFRRGDFIHVMDNSDPNWWKGSCHGQTGMFPRNYVTPVN,-0.032843781,-0.959418039,-0.923531712,1.14321,0.0012165,-2.041008949
TYVQALFDFDPQEDGELGFRRGDFIHVMDNSDPNWWSGACHGQTGMFPRNYVTPVN,-0.05902661,0.02539619,-1.924794917,2.53533,0.415114,-4.640907764
TYVQALFDFDPQEDGELGFRRGDFIHVMDNSDPSWWKGACHGQTGMFPRNYVTPVN,-0.269391028,-0.547375438,-0.379067178,1.07787,0.015564,-4.670957565
TYVQALFDFDPQEDGELGFRRGDFIHVMDNSDSNWWKGACHGQTGMFPRNYVTPVN,-0.05818226,-0.332854704,-1.029110513,2.53462,-0.0091265,-4.025475502
TYVQALFDFDPQEDGELGFRRGDFIHVMDSSDPNWWKGACHGQTGMFPRNYVTPVN,0.001593109,-0.902987103,-0.993339782,1.4912,-0.0131045,-2.253852606
TYVQALFDFDPQEDGESGFRRGDFIHVMDNSDPNWWKGACHGQTGMFPRNYVTPVN,-0.796521616,1.92323871,-1.707584494,12.5491,0.0115595,-14.2745285
TYVQASFDFDPQEDGELGFRRGDFIHVMDNSDPNWWKGACHGQTGMFPRNYVTPVN,-0.45091732,2.137809036,-2.434721258,7.10106,-0.0415545,-5.063477516
TYVQSLFDFDPQEDGELGFRRGDFIHVMDNSDPNWWKGACHGQTGMFPRNYVTPVN,-0.190550992,0.925776255,-1.470859587,7.463,0.022463,-8.461166382
TYSQALFDFDPQEDGELGFRRGDFIHVMDNSDPNWWKGACHGQTGMFPRNYVTPVN,-0.057368649,0.770039029,-2.01743308,7.28241,-0.014892,-7.638765812
SYVQALFDFDPQEDGELGFRRGDFIHVMDNSDPNWWKGACHGQTGMFPRNYVTPVN,0.007171327,-0.738337327,-1.056985697,1.73957,-0.0137385,-3.631392241
TYTQALFDFDPQEDGELGFRRGDFIHVMDNSDPNWWKGACHGQTGMFPRNYVTPVN,-0.193724589,0.799841049,-1.373769544,5.64065,-0.038683,-6.694453239
TYVTALFDFDPQEDGELGFRRGDFIHVMDNSDPNWWKGACHGQTGMFPRNYVTPVN,-0.073052251,-0.323236635,-0.959143018,3.54692,-0.0182765,-4.987712383
TYVQTLFDFDPQEDGELGFRRGDFIHVMDNSDPNWWKGACHGQTGMFPRNYVTPVN,-0.481092384,1.072123618,-0.845218146,7.57216,-0.003304,-8.205744743
TYVQALTDFDPQEDGELGFRRGDFIHVMDNSDPNWWKGACHGQTGMFPRNYVTPVN,-0.734555228,-0.411945609,0.648905681,-0.593673,4.3507355,-11.57998466
TYVQALFTFDPQEDGELGFRRGDFIHVMDNSDPNWWKGACHGQTGMFPRNYVTPVN,-0.434409089,0.230728535,-0.848504194,2.01048,-0.0101595,-6.29867363
TYVQALFDTDPQEDGELGFRRGDFIHVMDNSDPNWWKGACHGQTGMFPRNYVTPVN,-0.944116357,1.16884255,-1.583041553,7.40954,0.8107255,-10.26186371
TYVQALFDFTPQEDGELGFRRGDFIHVMDNSDPNWWKGACHGQTGMFPRNYVTPVN,0.002045697,-0.777550583,-1.122823295,-1.61754,0.0182235,-1.440466166
TYVQALFDFDTQEDGELGFRRGDFIHVMDNSDPNWWKGACHGQTGMFPRNYVTPVN,-0.198544586,-0.353624803,-0.649152285,4.19384,-0.0525225,-5.612669945
TYVQALFDFDPTEDGELGFRRGDFIHVMDNSDPNWWKGACHGQTGMFPRNYVTPVN,-0.373747854,-0.770848862,-0.289154799,-1.39005,0.497442,-5.253630161
TYVQALFDFDPQEDGETGFRRGDFIHVMDNSDPNWWKGACHGQTGMFPRNYVTPVN,-0.843949353,2.136626528,0.00448556,11.9021,-0.062469,-11.45652485
TYVQALFDFDPQEDGELGTRRGDFIHVMDNSDPNWWKGACHGQTGMFPRNYVTPVN,-0.652273815,1.466283923,-0.068082653,12.867,0.0559575,-12.31777287
TYVQALFDFDPQEDGELGFTRGDFIHVMDNSDPNWWKGACHGQTGMFPRNYVTPVN,0.065867011,-0.149206213,-1.189621602,-1.97516,0.050419,-6.98412323
TYVQALFDFDPQEDGELGFRTGDFIHVMDNSDPNWWKGACHGQTGMFPRNYVTPVN,-0.045889774,-0.485529661,-1.010271061,-0.229768,0.026758,-5.552578926
TYVQALFDFDPQEDGELGFRRGDTIHVMDNSDPNWWKGACHGQTGMFPRNYVTPVN,0.047517216,-0.621216534,-1.102652566,2.05844,-0.0024525,-1.939630628
TYVQALFDFDPQEDGELGFRRGDFTHVMDNSDPNWWKGACHGQTGMFPRNYVTPVN,-0.801316731,0.921115701,0.02525437,8.99522,0.052836,-12.33857918
TYVQALFDFDPQEDGELGFRRGDFITVMDNSDPNWWKGACHGQTGMFPRNYVTPVN,0.097406911,-0.679269664,-1.190286157,-1.0492,-0.041594,-3.168062449
TYVQALFDFDPQEDGELGFRRGDFIHTMDNSDPNWWKGACHGQTGMFPRNYVTPVN,-0.329489031,1.988079235,-1.937758374,5.68742,-0.019336,-10.73952961
TYVQALFDFDPQEDGELGFRRGDFIHVTDNSDPNWWKGACHGQTGMFPRNYVTPVN,0.048190112,-0.90461628,-1.156563275,1.44104,-0.0125415,-1.212027669
TYVQALFDFDPQEDGELGFRRGDFIHVMDNTDPNWWKGACHGQTGMFPRNYVTPVN,0.002433714,-0.515715037,-1.119466985,0.0458927,0.002139,-4.813459396
TYVQALFDFDPQEDGELGFRRGDFIHVMDNSTPNWWKGACHGQTGMFPRNYVTPVN,-0.57915584,0.770437533,-0.941629063,-0.673931,-0.001379,-12.92756081
TYVQALFDFDPQEDGELGFRRGDFIHVMDNSDTNWWKGACHGQTGMFPRNYVTPVN,-0.101918627,-0.297971681,-0.881526397,3.1118,-0.0132195,-5.287542343
TYVQALFDFDPQEDGELGFRRGDFIHVMDNSDPNTWKGACHGQTGMFPRNYVTPVN,-0.724649692,-0.398846147,1.228167714,4.2859,4.445566,-13.85170078
TYVQALFDFDPQEDGELGFRRGDFIHVMDNSDPNWWKGTCHGQTGMFPRNYVTPVN,-0.068418604,-0.856108947,-0.903358273,1.35097,0.035856,-2.047060966
TYVQALFDFDPQEDGELGFRRGDFIHVMDNSDPNWWKGACTGQTGMFPRNYVTPVN,-0.164572057,1.123271108,-1.700438812,9.57803,0.00613,-6.926521301
TYVQALFDFDPQEDGELGFRRGDFIHVMDNSDPNWWKGACHTQTGMFPRNYVTPVN,-0.27121703,1.31143251,-1.485566553,7.68387,-0.0035165,-8.387134552
TYVQALFDFDPQEDGELGFRRGDFIHVMDNSDPNWWKGACHGQTTMFPRNYVTPVN,-0.983555294,1.437513355,5.213929538,17.2912,-0.289049,-12.82104206
TYVQALFDFDPQEDGELGFRRGDFIHVMDNSDPNWWKGACHGQTGTFPRNYVTPVN,-0.069152273,-0.57837397,-0.857787915,2.11867,0.5242825,-4.903694153
TYVQALFDFDPQEDGELGFRRGDFIHVMDNSDPNWWKGACHGQTGMTPRNYVTPVN,-0.905926886,1.682094495,0.08530754,15.1753,-0.0399015,-12.61567688
TYVQALFDFDPQEDGELGFRRGDFIHVMDNSDPNWWKGACHGQTGMFTRNYVTPVN,-0.61883879,1.172148648,-0.70939505,6.05501,0.5221615,-11.57985401
TYVQALFDFDPQEDGELGFRRGDFIHVMDNSDPNWWKGACHGQTGMFPTNYVTPVN,0.083020728,-0.665800777,-1.655389417,3.79424,-0.0180935,-3.364800453
TYVQALFDFDPQEDGELGFRRGDFIHVMDNSDPNWWKGACHGQTGMFPRNTVTPVN,-0.935963446,0.073375137,6.038649554,2.06586,3.555454,-12.45283985
TYVQALFDFDPQEDGELGFRRGDFIHVMDNSDPNWWKGACHGQTGMFPRNYTTPVN,-0.140839504,-0.604264423,-1.293323358,4.29765,-0.0611535,-5.139428139
TYVQALFDFDPQEDGELGFRRGDFIHVMDNSDPNWWKGACHGQTGMFPRNYVTTVN,-0.013379155,-0.647724798,-1.004891285,3.41572,-0.0184285,-4.379636765
TYVQALFDFDPQEDGELGFRRGDFIHVMDNSDPNWWKGACHGQTGMFPRNYVTPTN,-0.04262685,-0.698588055,-1.07840781,2.22636,0.0143785,-5.196251869
TYVQALFDFDPQEDGELGFRRGDFIHVMDNSDPNWWKGACHGQTGMFPRNYVTPVT,0.002817677,-0.73086575,-1.05930309,0.760208,0.0195,-3.048608065
TYVQALFDFDPQEDGELGFRRGDFIHVMDNSDPNWWKGACHGQTGMFPRTYVTPVN,-0.068812771,-1.106468067,-0.656333307,0.84534,0.216541,-3.803926468
TYVQALFDFDPQEDGELGFRRGDFIHVMDNSDPNWWTGACHGQTGMFPRNYVTPVN,0.159799977,-0.22639068,-2.087189312,2.00438,0.247898,-2.983140469
TYVQALFDFDPQEDGELGFRRGDFIHVMDNSDPTWWKGACHGQTGMFPRNYVTPVN,-0.315761273,-0.714388725,-0.202361733,0.395384,-0.000767,-5.114539146
TYVQALFDFDPQEDGELGFRRGDFIHVMDTSDPNWWKGACHGQTGMFPRNYVTPVN,-0.092545272,-0.798777689,-0.730851661,-0.030171,-0.073316,-3.180962086
TYVQALVDFDPQEDGELGFRRGDFIHVMDNSDPNWWKGACHGQTGMFPRNYVTPVN,-0.831962923,-0.732148983,0.957391502,-2.23318,3.7453095,-11.25518894
TYVQALFDVDPQEDGELGFRRGDFIHVMDNSDPNWWKGACHGQTGMFPRNYVTPVN,-0.928359996,-0.322254595,1.395105924,4.11493,0.9596645,-8.614419937
TYVQALFDFDPQEDGELGFRRGDVIHVMDNSDPNWWKGACHGQTGMFPRNYVTPVN,-0.113674583,-1.124395096,-0.803284537,0.489188,0.010308,-0.193212986
TYVQALFDFDPQEDGELGFRRGDFIHVMDNSDPNWWKGACHGQTGMVPRNYVTPVN,-0.545399877,0.852243294,-0.6459669,11.6514,0.1434685,-8.97734642
TYVQALFDFDPQEDGELGFRRGDFIHVMDNSDPNWWKGACHGQTGMFPRNVVTPVN,-0.68908191,-0.52727391,0.24640683,2.58023,3.7026055,-12.60324764
TYVQALFDFDPQEDGELGFRRGDFIHVMDNSDPNWWKGACHGQTGMFPRNYVTPVV,0.042980444,-0.569483539,-1.219057147,1.16367,0.001864,-3.990338564
TYVQALFDFDPQEDGELGFRRGDFIHVMDNSDPNWWKGACHGQTGMFPRNYVTVVN,-0.232086981,-0.795720122,-0.475188565,1.12365,0.012383,-3.508312702
TYVQALFDFDPQEDGELGFRRGDFIHVMDNSDPNWWKGACHGQTGMFPRNYVVPVN,-0.097022074,-0.844015228,-0.605968255,-1.12562,0.017766,-3.636045218
TYVQALFDFDPQEDGELGFRRGDFIHVMDNSDPNWWKGACHGQTGMFPRVYVTPVN,-0.238885421,-0.993218406,-0.269126523,0.000503931,-0.0831765,-7.176417351
TYVQALFDFDPQEDGELGFRRGDFIHVMDNSDPNWWKGACHGQTGVFPRNYVTPVN,-0.060317067,-0.947790917,-0.775826883,-1.11851,0.8112695,-3.455584049
TYVQALFDFDPQEDGELGFRRGDFIHVMDNSDPNWWKGACHGQTVMFPRNYVTPVN,-0.598090167,0.915650613,-0.397194663,21.3461,-0.483354,-12.68845749
TYVQALFDFDPQEDGELGFRRGDFIHVMDNSDPNWWKGACHGVTGMFPRNYVTPVN,-0.020220888,-0.810382174,-2.648870683,0.00398936,0.0227585,-3.842015505
TYVQALFDFDPQEDGELGFRRGDFIHVMDNSDPNWWKGACHVQTGMFPRNYVTPVN,-0.49045723,1.067299544,-0.852096572,19.4678,0.0268085,-10.01277447
TYVQALFDFDPQEDGELGFRRGDFIHVMDNSDPNWWKGVCHGQTGMFPRNYVTPVN,-0.074207105,-0.69239935,-0.909800266,0.478781,0.0232345,-3.03728199
TYVQALFDFDPQEDGELGFRRGDFIHVMDNSDPNWWKVACHGQTGMFPRNYVTPVN,-0.469320767,1.597989764,-1.219272745,20.4638,0.3253445,-12.49552059
TYVQALFDFDPQEDGELGFRRGDFIHVMDNSDPNWWVGACHGQTGMFPRNYVTPVN,0.109089369,-0.62801591,-1.666807805,0.62838,0.382904,-5.217274666
TYVQALFDFDPQEDGELGFRRGDFIHVMDNSDPVWWKGACHGQTGMFPRNYVTPVN,-0.196294059,-1.040077235,-0.48313214,-0.349933,-0.07446,-5.273440838
TYVQALFDFDPQEDGELGFRRGDFIHVMDNSVPNWWKGACHGQTGMFPRNYVTPVN,-0.764439911,1.259685848,-0.29344134,-2.04708,-0.202484,-13.44896889
TYVQALFDFDPQEDGELGFRRGDFIHVMDVSDPNWWKGACHGQTGMFPRNYVTPVN,-0.106893388,-0.121342673,-0.933149757,0.424222,-0.0844825,-5.294260502
TYVQALFDFDPQEDGELGFRRGDFIHVMVNSDPNWWKGACHGQTGMFPRNYVTPVN,-0.299648833,1.233350436,-1.493194364,5.47943,0.0515835,-10.49835587
TYVQALFDFDPQEDGELGFRRGDFIHVVDNSDPNWWKGACHGQTGMFPRNYVTPVN,0.006477023,-0.934738114,-0.986452866,-0.109635,-0.027541,-1.922336221
TYVQALFDFDPQEDGELGFRRGDFVHVMDNSDPNWWKGACHGQTGMFPRNYVTPVN,-0.065573888,0.150105505,-1.217664519,2.48309,0.0059105,-4.861105919
TYVQALFDFDPQEDGELGFRRGVFIHVMDNSDPNWWKGACHGQTGMFPRNYVTPVN,-0.450409728,1.587022561,-1.416854053,6.81874,0.0764585,-9.591567039
TYVQALFDFDPQEDGELGFRRVDFIHVMDNSDPNWWKGACHGQTGMFPRNYVTPVN,-0.537175972,1.473564768,-1.057182752,21.4235,-0.0111605,-12.50331306
TYVQALFDFDPQEDGELGFRVGDFIHVMDNSDPNWWKGACHGQTGMFPRNYVTPVN,0.023830154,-0.770945191,-1.50129064,1.88397,0.0627035,-5.775322914
TYVQALFDFDPQEDGELVFRRGDFIHVMDNSDPNWWKGACHGQTGMFPRNYVTPVN,-0.133085526,-0.22115662,-0.81405601,2.96038,0.158906,-7.102541924
TYVQALFDFDPQEDGEVGFRRGDFIHVMDNSDPNWWKGACHGQTGMFPRNYVTPVN,-0.172971801,0.511405569,-1.142998961,9.51531,0.089863,-6.871194839
TYVQALFDFDPQEDGVLGFRRGDFIHVMDNSDPNWWKGACHGQTGMFPRNYVTPVN,-0.834085104,-0.471939266,1.112012086,0.540885,2.308915,-7.092681885
TYVQALFDFDPQEDVELGFRRGDFIHVMDNSDPNWWKGACHGQTGMFPRNYVTPVN,-0.728565673,0.272067495,0.083313159,18.5091,0.1834605,-8.691987038
TYVQALFDFDPQEVGELGFRRGDFIHVMDNSDPNWWKGACHGQTGMFPRNYVTPVN,-0.129291956,-0.433665664,-0.825292455,1.80691,-0.023617,-4.869263172
TYVQALFDFDPQVDGELGFRRGDFIHVMDNSDPNWWKGACHGQTGMFPRNYVTPVN,-0.466238052,-0.544000489,0.070284234,-1.79748,2.1900815,-6.475438595
TYVQALFDFVPQEDGELGFRRGDFIHVMDNSDPNWWKGACHGQTGMFPRNYVTPVN,-0.021546844,-0.893278387,-0.987915814,-2.74708,0.01233,-1.686379194
TYVQALFVFDPQEDGELGFRRGDFIHVMDNSDPNWWKGACHGQTGMFPRNYVTPVN,-0.665852138,1.216598992,-0.513962094,2.22868,-0.000211,-10.02366543
TYVQVLFDFDPQEDGELGFRRGDFIHVMDNSDPNWWKGACHGQTGMFPRNYVTPVN,-0.774953077,1.338213628,-0.154751261,1.77885,0.1125995,-9.61428833
VYVQALFDFDPQEDGELGFRRGDFIHVMDNSDPNWWKGACHGQTGMFPRNYVTPVN,-0.002641086,-0.857211502,-1.362525453,0.640921,-0.015375,-3.682085752
TYVQALFDFDPQEDGELGFRRGDFIHVMDNSDPNWWKGACHGWTGMFPRNYVTPVN,-0.028469912,0.252418168,-1.249139305,1.55835,-0.006758,-7.856274128
TYVQALFDFDPQEDGELGFRRGDFIHVMDNSDPNWWKGACHWQTGMFPRNYVTPVN,-0.262261384,0.892249887,-1.269404678,8.44355,-0.0458055,-11.73002148
TYVQALFDFDPQEDGELGFRRGDFIHVMDNSDPNWWKGAWHGQTGMFPRNYVTPVN,-0.422218463,1.212009541,-1.092443417,7.91565,0.0705595,-6.202643394
TYVQALFDFDPQEDGELGFRRGDFIHVMDNSDPNWWKWACHGQTGMFPRNYVTPVN,-0.617820938,1.575069061,-0.65762533,29.4146,0.3268655,-13.62255287
TYVQALFDFDPQEDGELGFRRGDFIHVWDNSDPNWWKGACHGQTGMFPRNYVTPVN,-0.018860011,-0.271865491,-0.90245759,-1.66409,-0.0265445,-6.486815453
TYVQALFDFDPQEDGELGFRRWDFIHVMDNSDPNWWKGACHGQTGMFPRNYVTPVN,-0.179075345,1.071696817,-1.886032123,7.2621,0.008727,-9.369926453
TYVQALFDFDPQEDGELGFRWGDFIHVMDNSDPNWWKGACHGQTGMFPRNYVTPVN,-0.202581279,1.034199073,-1.462635193,5.62999,-0.053307,-11.05307198
TYVQALFDFDPQEDGELGFWRGDFIHVMDNSDPNWWKGACHGQTGMFPRNYVTPVN,0.016299664,0.505484726,-1.356025904,-0.784975,-0.023389,-9.140920639
TYVQALFDFDPQEDGEWGFRRGDFIHVMDNSDPNWWKGACHGQTGMFPRNYVTPVN,-0.94506168,1.258397558,4.324746611,25.5782,0.2594605,-13.72551918
TYVQALFDFDPQEDWELGFRRGDFIHVMDNSDPNWWKGACHGQTGMFPRNYVTPVN,-0.434520112,-0.368045591,0.134134892,7.0773,-0.0556235,-10.30967617
TYVQALFDFDPWEDGELGFRRGDFIHVMDNSDPNWWKGACHGQTGMFPRNYVTPVN,-0.33353066,0.247844612,-0.97835063,3.49253,-0.0947405,-8.253412247
TYVWALFDFDPQEDGELGFRRGDFIHVMDNSDPNWWKGACHGQTGMFPRNYVTPVN,-0.120824609,0.330222602,-1.364259509,7.56528,-0.0254385,-9.421014786
TYVQALYDFDPQEDGELGFRRGDFIHVMDNSDPNWWKGACHGQTGMFPRNYVTPVN,-0.007444899,-0.680922502,-1.083957247,-0.72445,0.2686845,-2.604507923
TYVQALFDYDPQEDGELGFRRGDFIHVMDNSDPNWWKGACHGQTGMFPRNYVTPVN,-0.774124959,-1.171028272,1.175528738,1.18556,-0.208166,-4.524494171
TYVQALFDFDPQEDGELGYRRGDFIHVMDNSDPNWWKGACHGQTGMFPRNYVTPVN,-0.666362754,1.028701293,-0.35287605,1.34452,-0.033482,-10.18353653
TYVQALFDFDPQEDGELGFRRGDYIHVMDNSDPNWWKGACHGQTGMFPRNYVTPVN,-0.011360852,-0.688519127,-1.032317572,-0.315693,-0.0367945,-3.908825397
TYVQALFDFDPQEDGELGFRRGDFIHVMDNYDPNWWKGACHGQTGMFPRNYVTPVN,-0.124972661,0.820152179,-1.529306405,1.89098,0.029608,-8.380474091
TYVQALFDFDPQEDGELGFRRGDFIHVMDNSDPNYWKGACHGQTGMFPRNYVTPVN,-0.910631303,-0.458097462,0.71060128,0.625412,2.097071,-10.42357445
TYVQALFDFDPQEDGELGFRRGDFIHVMDNSDPNWYKGACHGQTGMFPRNYVTPVN,-0.317829396,-0.028541207,-0.871286484,3.80083,0.025327,-6.163192272
TYVQALFDFDPQEDGELGFRRGDFIHVMDNSDPNWWKGAYHGQTGMFPRNYVTPVN,-0.199931195,0.6794439,-1.261984156,5.80669,-0.0052035,-3.645541191
TYVQALFDFDPQEDGELGFRRGDFIHVMDNSDPNWWKGACHGQTGMYPRNYVTPVN,-0.412326877,1.496555189,-1.419369645,1.17136,0.0295995,-7.950522423
TYVQALFDFDPQEDGELGFRRGDFIHVMDNSDPNWWKGACHGQTGMFPRNYVTPVY,-0.042207874,-0.504517545,-1.059766015,-0.503632,-0.0098495,-4.918544769
TYVQALFDFDPQEDGELGFRRGDFIHVMDNSDPNWWKGACHGQTGMFPRNYVTYVN,0.005911647,-0.444791288,-1.06670266,1.3583,-0.0288745,-6.660421371
TYVQALFDFDPQEDGELGFRRGDFIHVMDNSDPNWWKGACHGQTGMFPRNYVYPVN,-0.00074037,-0.308108991,-1.733000017,1.83142,0.0456255,-7.196454048
TYVQALFDFDPQEDGELGFRRGDFIHVMDNSDPNWWKGACHGQTGMFPRNYYTPVN,-0.773170637,1.410149682,0.447349565,16.7726,0.166132,-12.97762108
TYVQALFDFDPQEDGELGFRRGDFIHVMDNSDPNWWKGACHGQTGMFPRYYVTPVN,-0.331023933,-0.558615411,-0.256967678,0.541085,0.0429745,-10.4804306
TYVQALFDFDPQEDGELGFRRGDFIHVMDNSDPNWWKGACHGQTGMFPYNYVTPVN,-0.035557682,0.242861184,-1.526441317,0.870511,0.0243655,-4.536679268
TYVQALFDFDPQEDGELGFRRGDFIHVMDNSDPNWWKGACHGQTGMFYRNYVTPVN,-0.597186403,0.404709679,-0.377655797,2.8418,0.84685,-12.87732315
TYVQALFDFDPQEDGELGFRRGDFIHVMDNSDPNWWKGACHGQTYMFPRNYVTPVN,-0.81229548,1.270370625,0.083144642,62.0675,-0.416943,-11.79181004
TYVQALFDFDPQEDGELGFRRGDFIHVMDNSDPNWWKGACHGQYGMFPRNYVTPVN,-0.076451353,-0.50738182,-1.004755761,-1.0318,0.022615,-6.455934525
TYVQALFDFDPQEDGELGFRRGDFIHVMDNSDPNWWKGACHGYTGMFPRNYVTPVN,-0.079616766,-0.395124085,-1.156054714,-0.729984,0.0285755,-5.846030235
TYVQALFDFDPQEDGELGFRRGDFIHVMDNSDPNWWKGACYGQTGMFPRNYVTPVN,-0.064795746,0.412971852,-1.458162843,1.01854,-5.80E-05,-5.126721859
TYVQALFDFDPQEDGELGFRRGDFIHVMDNSDPNWWYGACHGQTGMFPRNYVTPVN,0.046022243,-0.783085149,-1.292378724,-2.6062,0.2478255,-4.911159992
TYVQALFDFDPQEDGELGFRRGDFIHVMDNSDPYWWKGACHGQTGMFPRNYVTPVN,-0.109983387,-0.895248993,-0.737613228,-0.582313,-0.707423,-6.877630234
TYVQALFDFDPQEDGELGFRRGDFIHVMDNSDYNWWKGACHGQTGMFPRNYVTPVN,-0.104033874,0.453919496,-1.22367664,4.29041,-0.1068455,-8.853676796
TYVQALFDFDPQEDGELGFRRGDFIHVMDNSYPNWWKGACHGQTGMFPRNYVTPVN,-0.57290293,0.493159604,-0.235630227,-0.825231,-1.1449905,-13.41116524
TYVQALFDFDPQEDGELGFRRGDFIHVMDYSDPNWWKGACHGQTGMFPRNYVTPVN,-0.055632433,-0.009219593,-1.158972422,0.034514,-0.014384,-5.906282425
TYVQALFDFDPQEDGELGFRRGDFIHVMYNSDPNWWKGACHGQTGMFPRNYVTPVN,-0.421955214,1.249148155,-1.266153188,4.71565,0.0118725,-11.4288187
TYVQALFDFDPQEDGELGFRRGDFIHYMDNSDPNWWKGACHGQTGMFPRNYVTPVN,-0.44608346,1.50925976,-1.116404241,19.2153,-0.051062,-12.71816444
TYVQALFDFDPQEDGELGFRRGDFIYVMDNSDPNWWKGACHGQTGMFPRNYVTPVN,-0.007268442,-0.780334152,-1.066447206,-3.60051,0.0393065,-5.63687849
TYVQALFDFDPQEDGELGFRRGDFYHVMDNSDPNWWKGACHGQTGMFPRNYVTPVN,-0.703625429,3.587805885,-2.391482562,20.2626,0.0270335,-12.52064419
TYVQALFDFDPQEDGELGFRRGYFIHVMDNSDPNWWKGACHGQTGMFPRNYVTPVN,-0.280394588,2.046851827,-2.270815509,3.85818,-0.005275,-10.50930882
TYVQALFDFDPQEDGELGFYRGDFIHVMDNSDPNWWKGACHGQTGMFPRNYVTPVN,-0.006080081,0.217724018,-1.86583984,-1.98012,0.002373,-7.830966473
TYVQALFDFDPQEDGELYFRRGDFIHVMDNSDPNWWKGACHGQTGMFPRNYVTPVN,-0.021253849,-0.560865729,-1.268552943,-2.68608,0.0771915,-9.386781693
TYVQALFDFDPQEDGYLGFRRGDFIHVMDNSDPNWWKGACHGQTGMFPRNYVTPVN,-0.766842976,-1.209176121,1.130442076,-1.476,2.5278915,-8.098937988
TYVQALFDFDPQEYGELGFRRGDFIHVMDNSDPNWWKGACHGQTGMFPRNYVTPVN,-0.106758727,-0.368896682,-0.831675446,1.77854,0.007847,-6.247463226
TYVQALFDFDPQYDGELGFRRGDFIHVMDNSDPNWWKGACHGQTGMFPRNYVTPVN,-0.466988097,-0.314297095,-0.217281106,-1.60852,1.661623,-6.723212242
TYVQALFDFDPYEDGELGFRRGDFIHVMDNSDPNWWKGACHGQTGMFPRNYVTPVN,-0.215803398,0.416880643,-1.068208596,0.456327,-0.1551535,-6.479503632
TYVQALFDFDYQEDGELGFRRGDFIHVMDNSDPNWWKGACHGQTGMFPRNYVTPVN,-0.240831351,1.719618248,-2.020077211,24.5366,1.378231,-8.91937542
TYVQALFDFYPQEDGELGFRRGDFIHVMDNSDPNWWKGACHGQTGMFPRNYVTPVN,-0.059590792,-0.749488159,-0.840544105,-2.51925,-0.067726,-3.774783373
TYVQALFYFDPQEDGELGFRRGDFIHVMDNSDPNWWKGACHGQTGMFPRNYVTPVN,-0.486307375,0.935200075,-1.004531614,4.61235,0.033981,-10.79680443
TYVQAYFDFDPQEDGELGFRRGDFIHVMDNSDPNWWKGACHGQTGMFPRNYVTPVN,-0.180163737,-0.523243593,-0.618462948,8.03362,0.2518045,-9.070177078
TYVYALFDFDPQEDGELGFRRGDFIHVMDNSDPNWWKGACHGQTGMFPRNYVTPVN,-0.09657221,-0.06256136,-1.107577786,6.57307,0.0093115,-7.886419296
TYYQALFDFDPQEDGELGFRRGDFIHVMDNSDPNWWKGACHGQTGMFPRNYVTPVN,-0.068717803,-0.906470266,-2.35403792,8.2639,0.1902735,-6.566712379
